<?xml version="1.0" encoding="UTF-8"?>
<DocSetNodes version="1.0">
  <TOC>
    <Node>
      <Name>Root</Name>
      <Path>index.html</Path>
      <Subnodes>
       <Node>
        <Name>Namespaces</Name>
        <Path></Path>
        <Subnodes>
         <Node>
          <Name>Namespace List</Name>
          <Path>namespaces.html</Path>
          <Subnodes>
           <Node>
            <Name>Entitas</Name>
            <Path>namespace_entitas.html</Path>
           </Node>
          </Subnodes>
         </Node>
        </Subnodes>
       </Node>
       <Node>
        <Name>Classes</Name>
        <Path>annotated.html</Path>
        <Subnodes>
         <Node>
          <Name>Class List</Name>
          <Path>annotated.html</Path>
          <Subnodes>
           <Node>
            <Name>Entitas</Name>
            <Path>namespace_entitas.html</Path>
            <Subnodes>
             <Node>
              <Name>AbstractEntityIndex</Name>
              <Path>class_entitas_1_1_abstract_entity_index.html</Path>
              <Subnodes>
               <Node>
                <Name>AbstractEntityIndex</Name>
                <Path>class_entitas_1_1_abstract_entity_index.html</Path>
                <Anchor>aadf1ef30152755c2cd18df6003acd1ac</Anchor>
               </Node>
               <Node>
                <Name>Activate</Name>
                <Path>class_entitas_1_1_abstract_entity_index.html</Path>
                <Anchor>ab00c2d489386a01116caa6ae89848b30</Anchor>
               </Node>
               <Node>
                <Name>addEntity</Name>
                <Path>class_entitas_1_1_abstract_entity_index.html</Path>
                <Anchor>ae4e00501348255caeb17646158ac6aa9</Anchor>
               </Node>
               <Node>
                <Name>clear</Name>
                <Path>class_entitas_1_1_abstract_entity_index.html</Path>
                <Anchor>a3607889cde959ae04af67063e477e524</Anchor>
               </Node>
               <Node>
                <Name>Deactivate</Name>
                <Path>class_entitas_1_1_abstract_entity_index.html</Path>
                <Anchor>ab95de436fe50bc51628e15a758492a6f</Anchor>
               </Node>
               <Node>
                <Name>indexEntities</Name>
                <Path>class_entitas_1_1_abstract_entity_index.html</Path>
                <Anchor>a3f573f4e5e9f099d7f6f01d0577c8490</Anchor>
               </Node>
               <Node>
                <Name>onEntityAdded</Name>
                <Path>class_entitas_1_1_abstract_entity_index.html</Path>
                <Anchor>adb93f5de4676145f9fa819ca4a008dec</Anchor>
               </Node>
               <Node>
                <Name>onEntityRemoved</Name>
                <Path>class_entitas_1_1_abstract_entity_index.html</Path>
                <Anchor>aca927df94a9eb49facb32c8be28800df</Anchor>
               </Node>
               <Node>
                <Name>removeEntity</Name>
                <Path>class_entitas_1_1_abstract_entity_index.html</Path>
                <Anchor>aa05a2bb01ce6213f62faa81a69bd6cf0</Anchor>
               </Node>
               <Node>
                <Name>_getKey</Name>
                <Path>class_entitas_1_1_abstract_entity_index.html</Path>
                <Anchor>abfe86b63b69a8ae08284ecc932d05290</Anchor>
               </Node>
               <Node>
                <Name>_group</Name>
                <Path>class_entitas_1_1_abstract_entity_index.html</Path>
                <Anchor>ac76fb5403d6987356e145a930b7dd728</Anchor>
               </Node>
              </Subnodes>
             </Node>
             <Node>
              <Name>EntitasException</Name>
              <Path>class_entitas_1_1_entitas_exception.html</Path>
              <Subnodes>
               <Node>
                <Name>EntitasException</Name>
                <Path>class_entitas_1_1_entitas_exception.html</Path>
                <Anchor>ac74de9af77681f86a70155fda1d76d5d</Anchor>
               </Node>
              </Subnodes>
             </Node>
             <Node>
              <Name>Entity</Name>
              <Path>class_entitas_1_1_entity.html</Path>
              <Subnodes>
               <Node>
                <Name>Entity</Name>
                <Path>class_entitas_1_1_entity.html</Path>
                <Anchor>abac8db101d60f0f4e8aa020b9b46a468</Anchor>
               </Node>
               <Node>
                <Name>AddComponent</Name>
                <Path>class_entitas_1_1_entity.html</Path>
                <Anchor>a2b2ee8c741f1e3bec1ba8d3bfefaaf86</Anchor>
               </Node>
               <Node>
                <Name>ComponentReplaced</Name>
                <Path>class_entitas_1_1_entity.html</Path>
                <Anchor>a7aec19d56ee26420187daea02dd20203</Anchor>
               </Node>
               <Node>
                <Name>CreateComponent</Name>
                <Path>class_entitas_1_1_entity.html</Path>
                <Anchor>a244cbd513f258aa8778198e8270dde06</Anchor>
               </Node>
               <Node>
                <Name>CreateComponent&lt; T &gt;</Name>
                <Path>class_entitas_1_1_entity.html</Path>
                <Anchor>aa39f7df6971b2436c7775c71c6ab24bd</Anchor>
               </Node>
               <Node>
                <Name>EntityChanged</Name>
                <Path>class_entitas_1_1_entity.html</Path>
                <Anchor>a6726901ec41235f153a2c00fae232783</Anchor>
               </Node>
               <Node>
                <Name>EntityReleased</Name>
                <Path>class_entitas_1_1_entity.html</Path>
                <Anchor>a4dcc3bdcac587714d41beda9a16b04eb</Anchor>
               </Node>
               <Node>
                <Name>GetComponent</Name>
                <Path>class_entitas_1_1_entity.html</Path>
                <Anchor>a193c4b6412a24c9461424b060ab15506</Anchor>
               </Node>
               <Node>
                <Name>GetComponentIndices</Name>
                <Path>class_entitas_1_1_entity.html</Path>
                <Anchor>a1cdd88f321c07186540515ed37d07d85</Anchor>
               </Node>
               <Node>
                <Name>GetComponentPool</Name>
                <Path>class_entitas_1_1_entity.html</Path>
                <Anchor>a6fe0a1767dd738efda0dfb787ad9aaa7</Anchor>
               </Node>
               <Node>
                <Name>GetComponents</Name>
                <Path>class_entitas_1_1_entity.html</Path>
                <Anchor>a78627b36ab878dde662b3d8267641ef2</Anchor>
               </Node>
               <Node>
                <Name>HasAnyComponent</Name>
                <Path>class_entitas_1_1_entity.html</Path>
                <Anchor>a9e941463e3273213aee9a6d1071a8d6d</Anchor>
               </Node>
               <Node>
                <Name>HasComponent</Name>
                <Path>class_entitas_1_1_entity.html</Path>
                <Anchor>a30a8ae77453c6878d45f3c1cbe31bb03</Anchor>
               </Node>
               <Node>
                <Name>HasComponents</Name>
                <Path>class_entitas_1_1_entity.html</Path>
                <Anchor>aee5ffe85bc1fa4fb5dc21c0a13058ffe</Anchor>
               </Node>
               <Node>
                <Name>Release</Name>
                <Path>class_entitas_1_1_entity.html</Path>
                <Anchor>ad38c42d47e73ad68c4e93db53665aa61</Anchor>
               </Node>
               <Node>
                <Name>RemoveAllComponents</Name>
                <Path>class_entitas_1_1_entity.html</Path>
                <Anchor>ae7bf22d8069c034a06268910c683a625</Anchor>
               </Node>
               <Node>
                <Name>RemoveComponent</Name>
                <Path>class_entitas_1_1_entity.html</Path>
                <Anchor>a7559c4d7ba030a77a80f92c8f506547c</Anchor>
               </Node>
               <Node>
                <Name>ReplaceComponent</Name>
                <Path>class_entitas_1_1_entity.html</Path>
                <Anchor>a74a244126a734f28b781f46ffdb550b2</Anchor>
               </Node>
               <Node>
                <Name>Retain</Name>
                <Path>class_entitas_1_1_entity.html</Path>
                <Anchor>a8ebd8e5293c287b69b6051f3ea52cc91</Anchor>
               </Node>
               <Node>
                <Name>ToString</Name>
                <Path>class_entitas_1_1_entity.html</Path>
                <Anchor>a062ae860c3528091f8c0fd5b88667694</Anchor>
               </Node>
               <Node>
                <Name>owners</Name>
                <Path>class_entitas_1_1_entity.html</Path>
                <Anchor>ad0aefa732e6c3cb99be6530b26024b63</Anchor>
               </Node>
               <Node>
                <Name>componentPools</Name>
                <Path>class_entitas_1_1_entity.html</Path>
                <Anchor>ab8bb69649e83e05c595d006d205f11b2</Anchor>
               </Node>
               <Node>
                <Name>creationIndex</Name>
                <Path>class_entitas_1_1_entity.html</Path>
                <Anchor>a35644f781a2567877dade3e39932e405</Anchor>
               </Node>
               <Node>
                <Name>isEnabled</Name>
                <Path>class_entitas_1_1_entity.html</Path>
                <Anchor>a93e43dc3a3668ca457db9d3609405ff9</Anchor>
               </Node>
               <Node>
                <Name>poolMetaData</Name>
                <Path>class_entitas_1_1_entity.html</Path>
                <Anchor>a242ca061f78a188f84b730d2ccd4ab32</Anchor>
               </Node>
               <Node>
                <Name>retainCount</Name>
                <Path>class_entitas_1_1_entity.html</Path>
                <Anchor>a55d42d47d2678137c14a693f2039cd6c</Anchor>
               </Node>
               <Node>
                <Name>totalComponents</Name>
                <Path>class_entitas_1_1_entity.html</Path>
                <Anchor>ad3deee62c9a0392eea6b93e5356f9107</Anchor>
               </Node>
               <Node>
                <Name>OnComponentAdded</Name>
                <Path>class_entitas_1_1_entity.html</Path>
                <Anchor>ae19db05e0f3d0c58839653bcd92d7bcb</Anchor>
               </Node>
               <Node>
                <Name>OnComponentRemoved</Name>
                <Path>class_entitas_1_1_entity.html</Path>
                <Anchor>aea8769222eecc35c7af460f20c54bce5</Anchor>
               </Node>
               <Node>
                <Name>OnComponentReplaced</Name>
                <Path>class_entitas_1_1_entity.html</Path>
                <Anchor>a92b008c85886dd43b94d8cc4f0299507</Anchor>
               </Node>
               <Node>
                <Name>OnEntityReleased</Name>
                <Path>class_entitas_1_1_entity.html</Path>
                <Anchor>acf35ed67ac2785651eb54b1eaddfcc73</Anchor>
               </Node>
              </Subnodes>
             </Node>
             <Node>
              <Name>EntityAlreadyHasComponentException</Name>
              <Path>class_entitas_1_1_entity_already_has_component_exception.html</Path>
              <Subnodes>
               <Node>
                <Name>EntityAlreadyHasComponentException</Name>
                <Path>class_entitas_1_1_entity_already_has_component_exception.html</Path>
                <Anchor>acb3dfdb3bc65bf4b8693dc3a452136bd</Anchor>
               </Node>
              </Subnodes>
             </Node>
             <Node>
              <Name>EntityCollector</Name>
              <Path>class_entitas_1_1_entity_collector.html</Path>
              <Subnodes>
               <Node>
                <Name>EntityCollector</Name>
                <Path>class_entitas_1_1_entity_collector.html</Path>
                <Anchor>a19d4854dbd92eba0d2666f523d925a0e</Anchor>
               </Node>
               <Node>
                <Name>EntityCollector</Name>
                <Path>class_entitas_1_1_entity_collector.html</Path>
                <Anchor>a48da5e4782f35cd22e273b811cf20949</Anchor>
               </Node>
               <Node>
                <Name>Activate</Name>
                <Path>class_entitas_1_1_entity_collector.html</Path>
                <Anchor>a7de5a68589ed0ff5dcac294ac3b0ef6d</Anchor>
               </Node>
               <Node>
                <Name>ClearCollectedEntities</Name>
                <Path>class_entitas_1_1_entity_collector.html</Path>
                <Anchor>abe32cce1eaef7ecf211ce34357f13b01</Anchor>
               </Node>
               <Node>
                <Name>Deactivate</Name>
                <Path>class_entitas_1_1_entity_collector.html</Path>
                <Anchor>a09747b65cc7e7b7bd1a4a763f21e6a78</Anchor>
               </Node>
               <Node>
                <Name>ToString</Name>
                <Path>class_entitas_1_1_entity_collector.html</Path>
                <Anchor>aca449dfc2f6b8d97b0fef52b1e395076</Anchor>
               </Node>
               <Node>
                <Name>collectedEntities</Name>
                <Path>class_entitas_1_1_entity_collector.html</Path>
                <Anchor>a09e2bb8f9394e083f893d73ffb04fe72</Anchor>
               </Node>
              </Subnodes>
             </Node>
             <Node>
              <Name>EntityCollectorException</Name>
              <Path>class_entitas_1_1_entity_collector_exception.html</Path>
              <Subnodes>
               <Node>
                <Name>EntityCollectorException</Name>
                <Path>class_entitas_1_1_entity_collector_exception.html</Path>
                <Anchor>a236e349e630f9c68ecc2c920a5220e37</Anchor>
               </Node>
              </Subnodes>
             </Node>
             <Node>
              <Name>EntityDoesNotHaveComponentException</Name>
              <Path>class_entitas_1_1_entity_does_not_have_component_exception.html</Path>
              <Subnodes>
               <Node>
                <Name>EntityDoesNotHaveComponentException</Name>
                <Path>class_entitas_1_1_entity_does_not_have_component_exception.html</Path>
                <Anchor>a15f9b9bee5698dfa52f18a65f0be9ad5</Anchor>
               </Node>
              </Subnodes>
             </Node>
             <Node>
              <Name>EntityEqualityComparer</Name>
              <Path>class_entitas_1_1_entity_equality_comparer.html</Path>
              <Subnodes>
               <Node>
                <Name>Equals</Name>
                <Path>class_entitas_1_1_entity_equality_comparer.html</Path>
                <Anchor>a2187f54110cedff3db892c70dd4091b2</Anchor>
               </Node>
               <Node>
                <Name>GetHashCode</Name>
                <Path>class_entitas_1_1_entity_equality_comparer.html</Path>
                <Anchor>ae0d89528804d7937cbe6be7cec95e861</Anchor>
               </Node>
              </Subnodes>
             </Node>
             <Node>
              <Name>EntityIndex</Name>
              <Path>class_entitas_1_1_entity_index.html</Path>
              <Subnodes>
               <Node>
                <Name>EntityIndex</Name>
                <Path>class_entitas_1_1_entity_index.html</Path>
                <Anchor>a7da0677e58111315ac7f17b02c47080e</Anchor>
               </Node>
               <Node>
                <Name>EntityIndex</Name>
                <Path>class_entitas_1_1_entity_index.html</Path>
                <Anchor>a2986e1e98fcfffa5237ff81334aa0a58</Anchor>
               </Node>
               <Node>
                <Name>Activate</Name>
                <Path>class_entitas_1_1_entity_index.html</Path>
                <Anchor>a0f5107657a4a9481746c274ebe4a3f2c</Anchor>
               </Node>
               <Node>
                <Name>addEntity</Name>
                <Path>class_entitas_1_1_entity_index.html</Path>
                <Anchor>a89846c10344163b01985e45db0e5a0af</Anchor>
               </Node>
               <Node>
                <Name>clear</Name>
                <Path>class_entitas_1_1_entity_index.html</Path>
                <Anchor>a53ecb8827db449490ca1a6754c0383a7</Anchor>
               </Node>
               <Node>
                <Name>GetEntities</Name>
                <Path>class_entitas_1_1_entity_index.html</Path>
                <Anchor>aa5d509a71eed0ff3f519d4b0cedd81c8</Anchor>
               </Node>
               <Node>
                <Name>removeEntity</Name>
                <Path>class_entitas_1_1_entity_index.html</Path>
                <Anchor>a11d3f48dfb69c6e03a57ee44d4642667</Anchor>
               </Node>
              </Subnodes>
             </Node>
             <Node>
              <Name>EntityIndexException</Name>
              <Path>class_entitas_1_1_entity_index_exception.html</Path>
              <Subnodes>
               <Node>
                <Name>EntityIndexException</Name>
                <Path>class_entitas_1_1_entity_index_exception.html</Path>
                <Anchor>a3ab5e37f2a8ec2e43f2049a91e66e7d5</Anchor>
               </Node>
              </Subnodes>
             </Node>
             <Node>
              <Name>EntityIsAlreadyRetainedByOwnerException</Name>
              <Path>class_entitas_1_1_entity_is_already_retained_by_owner_exception.html</Path>
              <Subnodes>
               <Node>
                <Name>EntityIsAlreadyRetainedByOwnerException</Name>
                <Path>class_entitas_1_1_entity_is_already_retained_by_owner_exception.html</Path>
                <Anchor>aaf47d64662a86c1272ed0b6d5a71dddc</Anchor>
               </Node>
              </Subnodes>
             </Node>
             <Node>
              <Name>EntityIsNotDestroyedException</Name>
              <Path>class_entitas_1_1_entity_is_not_destroyed_exception.html</Path>
              <Subnodes>
               <Node>
                <Name>EntityIsNotDestroyedException</Name>
                <Path>class_entitas_1_1_entity_is_not_destroyed_exception.html</Path>
                <Anchor>a046d46e7e104715de956f0fb8d92491f</Anchor>
               </Node>
              </Subnodes>
             </Node>
             <Node>
              <Name>EntityIsNotEnabledException</Name>
              <Path>class_entitas_1_1_entity_is_not_enabled_exception.html</Path>
              <Subnodes>
               <Node>
                <Name>EntityIsNotEnabledException</Name>
                <Path>class_entitas_1_1_entity_is_not_enabled_exception.html</Path>
                <Anchor>a597c886c46e93e0806b883c28ac9b54b</Anchor>
               </Node>
              </Subnodes>
             </Node>
             <Node>
              <Name>EntityIsNotRetainedByOwnerException</Name>
              <Path>class_entitas_1_1_entity_is_not_retained_by_owner_exception.html</Path>
              <Subnodes>
               <Node>
                <Name>EntityIsNotRetainedByOwnerException</Name>
                <Path>class_entitas_1_1_entity_is_not_retained_by_owner_exception.html</Path>
                <Anchor>a7af0c82f7977d01c1c2063338cd33fd5</Anchor>
               </Node>
              </Subnodes>
             </Node>
             <Node>
              <Name>Group</Name>
              <Path>class_entitas_1_1_group.html</Path>
              <Subnodes>
               <Node>
                <Name>Group</Name>
                <Path>class_entitas_1_1_group.html</Path>
                <Anchor>a281e23e9e99cd2ee19e3913f0b70156e</Anchor>
               </Node>
               <Node>
                <Name>ContainsEntity</Name>
                <Path>class_entitas_1_1_group.html</Path>
                <Anchor>a3c0168f857700324afc9e7ece8133ad5</Anchor>
               </Node>
               <Node>
                <Name>GetEntities</Name>
                <Path>class_entitas_1_1_group.html</Path>
                <Anchor>a5df13ffbcf1c1c04da246e7ce8fd8539</Anchor>
               </Node>
               <Node>
                <Name>GetSingleEntity</Name>
                <Path>class_entitas_1_1_group.html</Path>
                <Anchor>afd8fa504cf0ec39097931d90acd23592</Anchor>
               </Node>
               <Node>
                <Name>GroupChanged</Name>
                <Path>class_entitas_1_1_group.html</Path>
                <Anchor>afe08dfe0036fd1f173c0d239dc99b5f0</Anchor>
               </Node>
               <Node>
                <Name>GroupUpdated</Name>
                <Path>class_entitas_1_1_group.html</Path>
                <Anchor>a99b90908aea0aaa879b4d6631d254ca6</Anchor>
               </Node>
               <Node>
                <Name>HandleEntity</Name>
                <Path>class_entitas_1_1_group.html</Path>
                <Anchor>a9e00d30bfdf3a2c42d3bb1898fb2b4be</Anchor>
               </Node>
               <Node>
                <Name>HandleEntitySilently</Name>
                <Path>class_entitas_1_1_group.html</Path>
                <Anchor>a9c5a38fa1862c272039577f389966c6f</Anchor>
               </Node>
               <Node>
                <Name>RemoveAllEventHandlers</Name>
                <Path>class_entitas_1_1_group.html</Path>
                <Anchor>a8c4ae152da02c48b9a149fc66a9776b6</Anchor>
               </Node>
               <Node>
                <Name>ToString</Name>
                <Path>class_entitas_1_1_group.html</Path>
                <Anchor>a685c84c93e2d6a7d9a0cbc3e60a993e6</Anchor>
               </Node>
               <Node>
                <Name>UpdateEntity</Name>
                <Path>class_entitas_1_1_group.html</Path>
                <Anchor>a32a677c3dcbb49779d66cf154c6db714</Anchor>
               </Node>
               <Node>
                <Name>count</Name>
                <Path>class_entitas_1_1_group.html</Path>
                <Anchor>a9dc8741969217ff3faaaffd72b1aedee</Anchor>
               </Node>
               <Node>
                <Name>matcher</Name>
                <Path>class_entitas_1_1_group.html</Path>
                <Anchor>a17e57de15fefc676ba6f2b78f0d69c43</Anchor>
               </Node>
               <Node>
                <Name>OnEntityAdded</Name>
                <Path>class_entitas_1_1_group.html</Path>
                <Anchor>aa65cc45bca16c1550b99253888bc6fe6</Anchor>
               </Node>
               <Node>
                <Name>OnEntityRemoved</Name>
                <Path>class_entitas_1_1_group.html</Path>
                <Anchor>a207ecd4477a743c60c7fa15633fda5a5</Anchor>
               </Node>
               <Node>
                <Name>OnEntityUpdated</Name>
                <Path>class_entitas_1_1_group.html</Path>
                <Anchor>a5f32d578bb0af4f57a4d3b20a5f9ab4e</Anchor>
               </Node>
              </Subnodes>
             </Node>
             <Node>
              <Name>GroupSingleEntityException</Name>
              <Path>class_entitas_1_1_group_single_entity_exception.html</Path>
              <Subnodes>
               <Node>
                <Name>GroupSingleEntityException</Name>
                <Path>class_entitas_1_1_group_single_entity_exception.html</Path>
                <Anchor>ae39016dff6dfe26d31d8d9c0e3ccb615</Anchor>
               </Node>
              </Subnodes>
             </Node>
             <Node>
              <Name>IEntityIndex</Name>
              <Path>interface_entitas_1_1_i_entity_index.html</Path>
              <Subnodes>
               <Node>
                <Name>Activate</Name>
                <Path>interface_entitas_1_1_i_entity_index.html</Path>
                <Anchor>a8b7e3929f65a5a2d64d33a05ebabf2b8</Anchor>
               </Node>
               <Node>
                <Name>Deactivate</Name>
                <Path>interface_entitas_1_1_i_entity_index.html</Path>
                <Anchor>a6f78f04118f83f796e830b2fb7fd4642</Anchor>
               </Node>
              </Subnodes>
             </Node>
             <Node>
              <Name>Pool</Name>
              <Path>class_entitas_1_1_pool.html</Path>
              <Subnodes>
               <Node>
                <Name>Pool</Name>
                <Path>class_entitas_1_1_pool.html</Path>
                <Anchor>a7d2073fc0f12c1d2310eb68f2ab31541</Anchor>
               </Node>
               <Node>
                <Name>Pool</Name>
                <Path>class_entitas_1_1_pool.html</Path>
                <Anchor>a39392bb5c9ab551a7a2e6f47cabd0ed4</Anchor>
               </Node>
               <Node>
                <Name>AddEntityIndex</Name>
                <Path>class_entitas_1_1_pool.html</Path>
                <Anchor>abe585f2c69a3e500703ab2ab4ab65cc3</Anchor>
               </Node>
               <Node>
                <Name>ClearComponentPool</Name>
                <Path>class_entitas_1_1_pool.html</Path>
                <Anchor>a21ed4421bef2cc469c24f8bf3e28310c</Anchor>
               </Node>
               <Node>
                <Name>ClearComponentPools</Name>
                <Path>class_entitas_1_1_pool.html</Path>
                <Anchor>aabca980268ff16e657b662d7dea914cf</Anchor>
               </Node>
               <Node>
                <Name>ClearGroups</Name>
                <Path>class_entitas_1_1_pool.html</Path>
                <Anchor>a72bbe2b13c42ae15e8a592d11f568fa6</Anchor>
               </Node>
               <Node>
                <Name>CreateEntity</Name>
                <Path>class_entitas_1_1_pool.html</Path>
                <Anchor>a866b8259c298c3db54e0a930c8ad3032</Anchor>
               </Node>
               <Node>
                <Name>DeactivateAndRemoveEntityIndices</Name>
                <Path>class_entitas_1_1_pool.html</Path>
                <Anchor>a9e26d0a1f6068dd34164e4dcdbab4227</Anchor>
               </Node>
               <Node>
                <Name>DestroyAllEntities</Name>
                <Path>class_entitas_1_1_pool.html</Path>
                <Anchor>af1127e2750b27144d0a9ad903637ccd4</Anchor>
               </Node>
               <Node>
                <Name>DestroyEntity</Name>
                <Path>class_entitas_1_1_pool.html</Path>
                <Anchor>a35e89292907b6d7b6497b95edc9b8132</Anchor>
               </Node>
               <Node>
                <Name>GetEntities</Name>
                <Path>class_entitas_1_1_pool.html</Path>
                <Anchor>ac43f1c82863b725139b1eb562f9eed17</Anchor>
               </Node>
               <Node>
                <Name>GetEntityIndex</Name>
                <Path>class_entitas_1_1_pool.html</Path>
                <Anchor>a9f75f1d70b1f031be3e8c7318e30396c</Anchor>
               </Node>
               <Node>
                <Name>GetGroup</Name>
                <Path>class_entitas_1_1_pool.html</Path>
                <Anchor>a5643a2c13e6d2c709c4d0e053e4ea873</Anchor>
               </Node>
               <Node>
                <Name>GroupChanged</Name>
                <Path>class_entitas_1_1_pool.html</Path>
                <Anchor>abd08dccf87320f1b93f9e5be6bc90ba4</Anchor>
               </Node>
               <Node>
                <Name>HasEntity</Name>
                <Path>class_entitas_1_1_pool.html</Path>
                <Anchor>a13de177bfdbd7bf1e5286df0353ab318</Anchor>
               </Node>
               <Node>
                <Name>PoolChanged</Name>
                <Path>class_entitas_1_1_pool.html</Path>
                <Anchor>a8cf5cdc6374de66fd54215fa3639a17c</Anchor>
               </Node>
               <Node>
                <Name>Reset</Name>
                <Path>class_entitas_1_1_pool.html</Path>
                <Anchor>a8c40707a94886e7b33ec95972a85b847</Anchor>
               </Node>
               <Node>
                <Name>ResetCreationIndex</Name>
                <Path>class_entitas_1_1_pool.html</Path>
                <Anchor>ac5d01722a709837e237376078ff9c4bc</Anchor>
               </Node>
               <Node>
                <Name>ToString</Name>
                <Path>class_entitas_1_1_pool.html</Path>
                <Anchor>a9931d4a15038266f6e70a7264ad03bab</Anchor>
               </Node>
               <Node>
                <Name>componentPools</Name>
                <Path>class_entitas_1_1_pool.html</Path>
                <Anchor>a1ff6445bd7f736d07525f8d5e518057f</Anchor>
               </Node>
               <Node>
                <Name>count</Name>
                <Path>class_entitas_1_1_pool.html</Path>
                <Anchor>ab7c9404180f3d43dbc86856f34265057</Anchor>
               </Node>
               <Node>
                <Name>metaData</Name>
                <Path>class_entitas_1_1_pool.html</Path>
                <Anchor>ad6d9399a123dd1f355474e032f9bacb5</Anchor>
               </Node>
               <Node>
                <Name>retainedEntitiesCount</Name>
                <Path>class_entitas_1_1_pool.html</Path>
                <Anchor>a9c86e03239cc5a4e9a98c1884acb0623</Anchor>
               </Node>
               <Node>
                <Name>reusableEntitiesCount</Name>
                <Path>class_entitas_1_1_pool.html</Path>
                <Anchor>ac4145dd77a7ffa8b806db17f03612f01</Anchor>
               </Node>
               <Node>
                <Name>totalComponents</Name>
                <Path>class_entitas_1_1_pool.html</Path>
                <Anchor>ab8df8d4d1c9ce5a0e6875bdc3ff32e93</Anchor>
               </Node>
               <Node>
                <Name>OnEntityCreated</Name>
                <Path>class_entitas_1_1_pool.html</Path>
                <Anchor>a31e3e54dbb93582b751e19f9e7a8cced</Anchor>
               </Node>
               <Node>
                <Name>OnEntityDestroyed</Name>
                <Path>class_entitas_1_1_pool.html</Path>
                <Anchor>aea32789396947ec0c5cae0e5b08156e6</Anchor>
               </Node>
               <Node>
                <Name>OnEntityWillBeDestroyed</Name>
                <Path>class_entitas_1_1_pool.html</Path>
                <Anchor>aeafa55f09adf00749518309333e3a1d0</Anchor>
               </Node>
               <Node>
                <Name>OnGroupCleared</Name>
                <Path>class_entitas_1_1_pool.html</Path>
                <Anchor>ad3f296b486fc22fec07bf10719f9112f</Anchor>
               </Node>
               <Node>
                <Name>OnGroupCreated</Name>
                <Path>class_entitas_1_1_pool.html</Path>
                <Anchor>ae5371465a52c1b1eda81ad22003627b1</Anchor>
               </Node>
              </Subnodes>
             </Node>
             <Node>
              <Name>PoolDoesNotContainEntityException</Name>
              <Path>class_entitas_1_1_pool_does_not_contain_entity_exception.html</Path>
              <Subnodes>
               <Node>
                <Name>PoolDoesNotContainEntityException</Name>
                <Path>class_entitas_1_1_pool_does_not_contain_entity_exception.html</Path>
                <Anchor>afefb29e55b6aa7c31332fb09cde2908d</Anchor>
               </Node>
              </Subnodes>
             </Node>
             <Node>
              <Name>PoolEntityIndexDoesAlreadyExistException</Name>
              <Path>class_entitas_1_1_pool_entity_index_does_already_exist_exception.html</Path>
              <Subnodes>
               <Node>
                <Name>PoolEntityIndexDoesAlreadyExistException</Name>
                <Path>class_entitas_1_1_pool_entity_index_does_already_exist_exception.html</Path>
                <Anchor>a8a6f6a037a083fe96be8b89eb3010a85</Anchor>
               </Node>
              </Subnodes>
             </Node>
             <Node>
              <Name>PoolEntityIndexDoesNotExistException</Name>
              <Path>class_entitas_1_1_pool_entity_index_does_not_exist_exception.html</Path>
              <Subnodes>
               <Node>
                <Name>PoolEntityIndexDoesNotExistException</Name>
                <Path>class_entitas_1_1_pool_entity_index_does_not_exist_exception.html</Path>
                <Anchor>a29d6d312397e64d6585134189dced7f1</Anchor>
               </Node>
              </Subnodes>
             </Node>
             <Node>
              <Name>PoolMetaData</Name>
              <Path>class_entitas_1_1_pool_meta_data.html</Path>
              <Subnodes>
               <Node>
                <Name>PoolMetaData</Name>
                <Path>class_entitas_1_1_pool_meta_data.html</Path>
                <Anchor>a2d3e708677f5e8ad044497ec344938a8</Anchor>
               </Node>
               <Node>
                <Name>componentNames</Name>
                <Path>class_entitas_1_1_pool_meta_data.html</Path>
                <Anchor>ad1bb8e6f2ffa5bba2c026372215779e0</Anchor>
               </Node>
               <Node>
                <Name>componentTypes</Name>
                <Path>class_entitas_1_1_pool_meta_data.html</Path>
                <Anchor>a8b1f57cd3fa7620e39264f51aa17a990</Anchor>
               </Node>
               <Node>
                <Name>poolName</Name>
                <Path>class_entitas_1_1_pool_meta_data.html</Path>
                <Anchor>af544200e5fcb3980dce7de577b1ae24b</Anchor>
               </Node>
              </Subnodes>
             </Node>
             <Node>
              <Name>PoolMetaDataException</Name>
              <Path>class_entitas_1_1_pool_meta_data_exception.html</Path>
              <Subnodes>
               <Node>
                <Name>PoolMetaDataException</Name>
                <Path>class_entitas_1_1_pool_meta_data_exception.html</Path>
                <Anchor>ab3fe7721ac579829fab7d19e41644d90</Anchor>
               </Node>
              </Subnodes>
             </Node>
             <Node>
              <Name>Pools</Name>
              <Path>class_entitas_1_1_pools.html</Path>
              <Subnodes>
              </Subnodes>
             </Node>
             <Node>
              <Name>PoolStillHasRetainedEntitiesException</Name>
              <Path>class_entitas_1_1_pool_still_has_retained_entities_exception.html</Path>
              <Subnodes>
               <Node>
                <Name>PoolStillHasRetainedEntitiesException</Name>
                <Path>class_entitas_1_1_pool_still_has_retained_entities_exception.html</Path>
                <Anchor>a290a21bca62838ba460f5bf5e194d5ed</Anchor>
               </Node>
              </Subnodes>
             </Node>
             <Node>
              <Name>PrimaryEntityIndex</Name>
              <Path>class_entitas_1_1_primary_entity_index.html</Path>
              <Subnodes>
               <Node>
                <Name>PrimaryEntityIndex</Name>
                <Path>class_entitas_1_1_primary_entity_index.html</Path>
                <Anchor>a5686308caaad24a33575291d061e0f9f</Anchor>
               </Node>
               <Node>
                <Name>PrimaryEntityIndex</Name>
                <Path>class_entitas_1_1_primary_entity_index.html</Path>
                <Anchor>a6e89a14d6b43def680817478c84cca5d</Anchor>
               </Node>
               <Node>
                <Name>Activate</Name>
                <Path>class_entitas_1_1_primary_entity_index.html</Path>
                <Anchor>aa320ce2973dfe13ee31296f6f366377d</Anchor>
               </Node>
               <Node>
                <Name>addEntity</Name>
                <Path>class_entitas_1_1_primary_entity_index.html</Path>
                <Anchor>ad785b8171b96c582f347bd5d0f5ea5b1</Anchor>
               </Node>
               <Node>
                <Name>clear</Name>
                <Path>class_entitas_1_1_primary_entity_index.html</Path>
                <Anchor>a98ed3a287f0a9fee88124670de12b452</Anchor>
               </Node>
               <Node>
                <Name>GetEntity</Name>
                <Path>class_entitas_1_1_primary_entity_index.html</Path>
                <Anchor>aa74080a160932e11fa203c4ac1d99dc7</Anchor>
               </Node>
               <Node>
                <Name>HasEntity</Name>
                <Path>class_entitas_1_1_primary_entity_index.html</Path>
                <Anchor>a8967619b864c0c078ff039e066cc0a08</Anchor>
               </Node>
               <Node>
                <Name>removeEntity</Name>
                <Path>class_entitas_1_1_primary_entity_index.html</Path>
                <Anchor>a879c76f3d7e60563cc747359dfce26cf</Anchor>
               </Node>
               <Node>
                <Name>TryGetEntity</Name>
                <Path>class_entitas_1_1_primary_entity_index.html</Path>
                <Anchor>ac3eb5c5b99c094a2bc51c4515ea6221f</Anchor>
               </Node>
              </Subnodes>
             </Node>
             <Node>
              <Name>ReactiveSystem</Name>
              <Path>class_entitas_1_1_reactive_system.html</Path>
              <Subnodes>
               <Node>
                <Name>ReactiveSystem</Name>
                <Path>class_entitas_1_1_reactive_system.html</Path>
                <Anchor>abca6d134f0faa562796d8a5ec622cd90</Anchor>
               </Node>
               <Node>
                <Name>ReactiveSystem</Name>
                <Path>class_entitas_1_1_reactive_system.html</Path>
                <Anchor>ac4a59b64f503485bc2bfae6ef1686f3e</Anchor>
               </Node>
               <Node>
                <Name>ReactiveSystem</Name>
                <Path>class_entitas_1_1_reactive_system.html</Path>
                <Anchor>ab051389ff42cc51b426cc945b932d5ca</Anchor>
               </Node>
               <Node>
                <Name>Activate</Name>
                <Path>class_entitas_1_1_reactive_system.html</Path>
                <Anchor>ae0df56c479342d52cff5c2f47c457462</Anchor>
               </Node>
               <Node>
                <Name>Clear</Name>
                <Path>class_entitas_1_1_reactive_system.html</Path>
                <Anchor>ac345d58c9d6bc839a32b496e73e0aa53</Anchor>
               </Node>
               <Node>
                <Name>Deactivate</Name>
                <Path>class_entitas_1_1_reactive_system.html</Path>
                <Anchor>a84b1f875f0504ab8611f348c5d762e29</Anchor>
               </Node>
               <Node>
                <Name>Execute</Name>
                <Path>class_entitas_1_1_reactive_system.html</Path>
                <Anchor>a3807a0b58b0ed7089abac87ee422882b</Anchor>
               </Node>
               <Node>
                <Name>ToString</Name>
                <Path>class_entitas_1_1_reactive_system.html</Path>
                <Anchor>a414bd34afdbf9efc47f5f7057da2a81f</Anchor>
               </Node>
               <Node>
                <Name>subsystem</Name>
                <Path>class_entitas_1_1_reactive_system.html</Path>
                <Anchor>a3cf1892f8b5ee16c89c0c27c7fc5118e</Anchor>
               </Node>
              </Subnodes>
             </Node>
             <Node>
              <Name>Systems</Name>
              <Path>class_entitas_1_1_systems.html</Path>
              <Subnodes>
               <Node>
                <Name>Systems</Name>
                <Path>class_entitas_1_1_systems.html</Path>
                <Anchor>acb0154f3edb36939f2e81945c4fb0de5</Anchor>
               </Node>
               <Node>
                <Name>ActivateReactiveSystems</Name>
                <Path>class_entitas_1_1_systems.html</Path>
                <Anchor>a47de4f75c6dc07bf138999e7aae5a0c0</Anchor>
               </Node>
               <Node>
                <Name>Add</Name>
                <Path>class_entitas_1_1_systems.html</Path>
                <Anchor>ac6c2a6fcc131ee87786fb613c0e82d16</Anchor>
               </Node>
               <Node>
                <Name>Cleanup</Name>
                <Path>class_entitas_1_1_systems.html</Path>
                <Anchor>ae9cb3253bb32206b420b4a041ebdcff2</Anchor>
               </Node>
               <Node>
                <Name>ClearReactiveSystems</Name>
                <Path>class_entitas_1_1_systems.html</Path>
                <Anchor>ab23415d689d78a0208fdf854eeeedf68</Anchor>
               </Node>
               <Node>
                <Name>DeactivateReactiveSystems</Name>
                <Path>class_entitas_1_1_systems.html</Path>
                <Anchor>aa99602f321bc4feb11e11e586493f805</Anchor>
               </Node>
               <Node>
                <Name>Execute</Name>
                <Path>class_entitas_1_1_systems.html</Path>
                <Anchor>a5b3a145d250e1a5b8cfa90f9b3c0b716</Anchor>
               </Node>
               <Node>
                <Name>Initialize</Name>
                <Path>class_entitas_1_1_systems.html</Path>
                <Anchor>a33b35b3cdbdb16c347086a4ce4a23495</Anchor>
               </Node>
               <Node>
                <Name>TearDown</Name>
                <Path>class_entitas_1_1_systems.html</Path>
                <Anchor>a7610d89dd9172d6dd881bd73f7cb0b48</Anchor>
               </Node>
               <Node>
                <Name>_cleanupSystems</Name>
                <Path>class_entitas_1_1_systems.html</Path>
                <Anchor>a6db20b22c8dd025f0d4ca6bd50e9c37f</Anchor>
               </Node>
               <Node>
                <Name>_executeSystems</Name>
                <Path>class_entitas_1_1_systems.html</Path>
                <Anchor>a985948553d0b61ba213f546124d0138a</Anchor>
               </Node>
               <Node>
                <Name>_initializeSystems</Name>
                <Path>class_entitas_1_1_systems.html</Path>
                <Anchor>ae8ec71c1d65bcc794798062f1c6044df</Anchor>
               </Node>
               <Node>
                <Name>_tearDownSystems</Name>
                <Path>class_entitas_1_1_systems.html</Path>
                <Anchor>ac1b777aaf53a1ab62e057f00e28768e3</Anchor>
               </Node>
              </Subnodes>
             </Node>
            </Subnodes>
           </Node>
          </Subnodes>
         </Node>
         <Node>
          <Name>Class Index</Name>
          <Path>classes.html</Path>
         </Node>
         <Node>
          <Name>Class Hierarchy</Name>
          <Path>hierarchy.html</Path>
          <Subnodes>
           <Node>
            <Name>Entitas.Entity</Name>
            <Path>class_entitas_1_1_entity.html</Path>
           </Node>
           <Node>
            <Name>Entitas.EntityCollector</Name>
            <Path>class_entitas_1_1_entity_collector.html</Path>
           </Node>
           <Node>
            <Name>Exception</Name>
            <Path></Path>
            <Subnodes>
             <Node>
              <Name>Entitas.EntitasException</Name>
              <Path>class_entitas_1_1_entitas_exception.html</Path>
              <Subnodes>
               <Node>
                <Name>Entitas.EntityAlreadyHasComponentException</Name>
                <Path>class_entitas_1_1_entity_already_has_component_exception.html</Path>
               </Node>
               <Node>
                <Name>Entitas.EntityCollectorException</Name>
                <Path>class_entitas_1_1_entity_collector_exception.html</Path>
               </Node>
               <Node>
                <Name>Entitas.EntityDoesNotHaveComponentException</Name>
                <Path>class_entitas_1_1_entity_does_not_have_component_exception.html</Path>
               </Node>
               <Node>
                <Name>Entitas.EntityIndexException</Name>
                <Path>class_entitas_1_1_entity_index_exception.html</Path>
               </Node>
               <Node>
                <Name>Entitas.EntityIsAlreadyRetainedByOwnerException</Name>
                <Path>class_entitas_1_1_entity_is_already_retained_by_owner_exception.html</Path>
               </Node>
               <Node>
                <Name>Entitas.EntityIsNotDestroyedException</Name>
                <Path>class_entitas_1_1_entity_is_not_destroyed_exception.html</Path>
               </Node>
               <Node>
                <Name>Entitas.EntityIsNotEnabledException</Name>
                <Path>class_entitas_1_1_entity_is_not_enabled_exception.html</Path>
               </Node>
               <Node>
                <Name>Entitas.EntityIsNotRetainedByOwnerException</Name>
                <Path>class_entitas_1_1_entity_is_not_retained_by_owner_exception.html</Path>
               </Node>
               <Node>
                <Name>Entitas.GroupSingleEntityException</Name>
                <Path>class_entitas_1_1_group_single_entity_exception.html</Path>
               </Node>
               <Node>
                <Name>Entitas.PoolDoesNotContainEntityException</Name>
                <Path>class_entitas_1_1_pool_does_not_contain_entity_exception.html</Path>
               </Node>
               <Node>
                <Name>Entitas.PoolEntityIndexDoesAlreadyExistException</Name>
                <Path>class_entitas_1_1_pool_entity_index_does_already_exist_exception.html</Path>
               </Node>
               <Node>
                <Name>Entitas.PoolEntityIndexDoesNotExistException</Name>
                <Path>class_entitas_1_1_pool_entity_index_does_not_exist_exception.html</Path>
               </Node>
               <Node>
                <Name>Entitas.PoolMetaDataException</Name>
                <Path>class_entitas_1_1_pool_meta_data_exception.html</Path>
               </Node>
               <Node>
                <Name>Entitas.PoolStillHasRetainedEntitiesException</Name>
                <Path>class_entitas_1_1_pool_still_has_retained_entities_exception.html</Path>
               </Node>
              </Subnodes>
             </Node>
            </Subnodes>
           </Node>
           <Node>
            <Name>Entitas.Group</Name>
            <Path>class_entitas_1_1_group.html</Path>
           </Node>
           <Node>
            <Name>ICleanupSystem</Name>
            <Path></Path>
            <Subnodes>
             <Node>
              <Name>Entitas.Systems</Name>
              <Path>class_entitas_1_1_systems.html</Path>
             </Node>
            </Subnodes>
           </Node>
           <Node>
            <Name>Entitas.IEntityIndex</Name>
            <Path>interface_entitas_1_1_i_entity_index.html</Path>
            <Subnodes>
             <Node>
              <Name>Entitas.AbstractEntityIndex&lt; T &gt;</Name>
              <Path>class_entitas_1_1_abstract_entity_index.html</Path>
              <Subnodes>
               <Node>
                <Name>Entitas.EntityIndex&lt; T &gt;</Name>
                <Path>class_entitas_1_1_entity_index.html</Path>
               </Node>
               <Node>
                <Name>Entitas.PrimaryEntityIndex&lt; T &gt;</Name>
                <Path>class_entitas_1_1_primary_entity_index.html</Path>
               </Node>
              </Subnodes>
             </Node>
            </Subnodes>
           </Node>
           <Node>
            <Name>IEqualityComparer</Name>
            <Path></Path>
            <Subnodes>
             <Node>
              <Name>Entitas.EntityEqualityComparer</Name>
              <Path>class_entitas_1_1_entity_equality_comparer.html</Path>
             </Node>
            </Subnodes>
           </Node>
           <Node>
            <Name>IExecuteSystem</Name>
            <Path></Path>
            <Subnodes>
             <Node>
              <Name>Entitas.ReactiveSystem</Name>
              <Path>class_entitas_1_1_reactive_system.html</Path>
             </Node>
             <Node>
              <Name>Entitas.Systems</Name>
              <Path>class_entitas_1_1_systems.html</Path>
             </Node>
            </Subnodes>
           </Node>
           <Node>
            <Name>IInitializeSystem</Name>
            <Path></Path>
            <Subnodes>
             <Node>
              <Name>Entitas.Systems</Name>
              <Path>class_entitas_1_1_systems.html</Path>
             </Node>
            </Subnodes>
           </Node>
           <Node>
            <Name>ITearDownSystem</Name>
            <Path></Path>
            <Subnodes>
             <Node>
              <Name>Entitas.Systems</Name>
              <Path>class_entitas_1_1_systems.html</Path>
             </Node>
            </Subnodes>
           </Node>
           <Node>
            <Name>Entitas.Pool</Name>
            <Path>class_entitas_1_1_pool.html</Path>
           </Node>
           <Node>
            <Name>Entitas.PoolMetaData</Name>
            <Path>class_entitas_1_1_pool_meta_data.html</Path>
           </Node>
           <Node>
            <Name>Entitas.Pools</Name>
            <Path>class_entitas_1_1_pools.html</Path>
           </Node>
          </Subnodes>
         </Node>
         <Node>
          <Name>Class Members</Name>
          <Path>functions.html</Path>
          <Subnodes>
           <Node>
            <Name>All</Name>
            <Path>functions.html</Path>
           </Node>
           <Node>
            <Name>Functions</Name>
            <Path>functions_func.html</Path>
           </Node>
           <Node>
            <Name>Variables</Name>
            <Path>functions_vars.html</Path>
           </Node>
           <Node>
            <Name>Properties</Name>
            <Path>functions_prop.html</Path>
           </Node>
           <Node>
            <Name>Events</Name>
            <Path>functions_evnt.html</Path>
           </Node>
          </Subnodes>
         </Node>
        </Subnodes>
       </Node>
      </Subnodes>
    </Node>
  </TOC>
</DocSetNodes>
