<?xml version="1.0" encoding="UTF-8"?>
<Tokens version="1.0">
  <Token>
    <TokenIdentifier>
      <Name>Entitas</Name>
      <APILanguage>csharp</APILanguage>
      <Type>ns</Type>
      <Scope>Entitas</Scope>
    </TokenIdentifier>
    <Path>namespace_entitas.html</Path>
  </Token>
  <Token>
    <TokenIdentifier>
      <Name>Entitas::AbstractEntityIndex</Name>
      <APILanguage>csharp</APILanguage>
      <Type>tmplt</Type>
      <Scope>Entitas.AbstractEntityIndex</Scope>
    </TokenIdentifier>
    <Path>class_entitas_1_1_abstract_entity_index.html</Path>
  </Token>
  <Token>
    <TokenIdentifier>
      <Name>Entitas::EntitasException</Name>
      <APILanguage>csharp</APILanguage>
      <Type>cl</Type>
      <Scope>Entitas.EntitasException</Scope>
    </TokenIdentifier>
    <Path>class_entitas_1_1_entitas_exception.html</Path>
    <Abstract>Base exception used by Entitas. </Abstract>
  </Token>
  <Token>
    <TokenIdentifier>
      <Name>Entitas::Entity</Name>
      <APILanguage>csharp</APILanguage>
      <Type>cl</Type>
      <Scope>Entitas.Entity</Scope>
    </TokenIdentifier>
    <Path>class_entitas_1_1_entity.html</Path>
  </Token>
  <Token>
    <TokenIdentifier>
      <Name>Entity</Name>
      <APILanguage>csharp</APILanguage>
      <Type>instm</Type>
      <Scope>Entitas.Entity</Scope>
    </TokenIdentifier>
    <Path>class_entitas_1_1_entity.html</Path>
    <Anchor>abac8db101d60f0f4e8aa020b9b46a468</Anchor>
    <Abstract>Use pool.CreateEntity() to create a new entity and pool.DestroyEntity() to destroy it...</Abstract>
    <DeclaredIn>Entity.cs</DeclaredIn>
  </Token>
  <Token>
    <TokenIdentifier>
      <Name>AddComponent</Name>
      <APILanguage>csharp</APILanguage>
      <Type>instm</Type>
      <Scope>Entitas.Entity</Scope>
    </TokenIdentifier>
    <Path>class_entitas_1_1_entity.html</Path>
    <Anchor>a2b2ee8c741f1e3bec1ba8d3bfefaaf86</Anchor>
    <DeclaredIn>Entity.cs</DeclaredIn>
  </Token>
  <Token>
    <TokenIdentifier>
      <Name>RemoveComponent</Name>
      <APILanguage>csharp</APILanguage>
      <Type>instm</Type>
      <Scope>Entitas.Entity</Scope>
    </TokenIdentifier>
    <Path>class_entitas_1_1_entity.html</Path>
    <Anchor>a7559c4d7ba030a77a80f92c8f506547c</Anchor>
    <DeclaredIn>Entity.cs</DeclaredIn>
  </Token>
  <Token>
    <TokenIdentifier>
      <Name>ReplaceComponent</Name>
      <APILanguage>csharp</APILanguage>
      <Type>instm</Type>
      <Scope>Entitas.Entity</Scope>
    </TokenIdentifier>
    <Path>class_entitas_1_1_entity.html</Path>
    <Anchor>a74a244126a734f28b781f46ffdb550b2</Anchor>
    <DeclaredIn>Entity.cs</DeclaredIn>
  </Token>
  <Token>
    <TokenIdentifier>
      <Name>GetComponent</Name>
      <APILanguage>csharp</APILanguage>
      <Type>instm</Type>
      <Scope>Entitas.Entity</Scope>
    </TokenIdentifier>
    <Path>class_entitas_1_1_entity.html</Path>
    <Anchor>a193c4b6412a24c9461424b060ab15506</Anchor>
    <DeclaredIn>Entity.cs</DeclaredIn>
  </Token>
  <Token>
    <TokenIdentifier>
      <Name>GetComponents</Name>
      <APILanguage>csharp</APILanguage>
      <Type>instm</Type>
      <Scope>Entitas.Entity</Scope>
    </TokenIdentifier>
    <Path>class_entitas_1_1_entity.html</Path>
    <Anchor>a78627b36ab878dde662b3d8267641ef2</Anchor>
    <Abstract>Returns all added components. </Abstract>
    <DeclaredIn>Entity.cs</DeclaredIn>
  </Token>
  <Token>
    <TokenIdentifier>
      <Name>GetComponentIndices</Name>
      <APILanguage>csharp</APILanguage>
      <Type>instm</Type>
      <Scope>Entitas.Entity</Scope>
    </TokenIdentifier>
    <Path>class_entitas_1_1_entity.html</Path>
    <Anchor>a1cdd88f321c07186540515ed37d07d85</Anchor>
    <Abstract>Returns all indices of added components. </Abstract>
    <DeclaredIn>Entity.cs</DeclaredIn>
  </Token>
  <Token>
    <TokenIdentifier>
      <Name>HasComponent</Name>
      <APILanguage>csharp</APILanguage>
      <Type>instm</Type>
      <Scope>Entitas.Entity</Scope>
    </TokenIdentifier>
    <Path>class_entitas_1_1_entity.html</Path>
    <Anchor>a30a8ae77453c6878d45f3c1cbe31bb03</Anchor>
    <Abstract>Determines whether this entity has a component at the specified index. </Abstract>
    <DeclaredIn>Entity.cs</DeclaredIn>
  </Token>
  <Token>
    <TokenIdentifier>
      <Name>HasComponents</Name>
      <APILanguage>csharp</APILanguage>
      <Type>instm</Type>
      <Scope>Entitas.Entity</Scope>
    </TokenIdentifier>
    <Path>class_entitas_1_1_entity.html</Path>
    <Anchor>aee5ffe85bc1fa4fb5dc21c0a13058ffe</Anchor>
    <Abstract>Determines whether this entity has components at all the specified indices. </Abstract>
    <DeclaredIn>Entity.cs</DeclaredIn>
  </Token>
  <Token>
    <TokenIdentifier>
      <Name>HasAnyComponent</Name>
      <APILanguage>csharp</APILanguage>
      <Type>instm</Type>
      <Scope>Entitas.Entity</Scope>
    </TokenIdentifier>
    <Path>class_entitas_1_1_entity.html</Path>
    <Anchor>a9e941463e3273213aee9a6d1071a8d6d</Anchor>
    <Abstract>Determines whether this entity has a component at any of the specified indices. </Abstract>
    <DeclaredIn>Entity.cs</DeclaredIn>
  </Token>
  <Token>
    <TokenIdentifier>
      <Name>RemoveAllComponents</Name>
      <APILanguage>csharp</APILanguage>
      <Type>instm</Type>
      <Scope>Entitas.Entity</Scope>
    </TokenIdentifier>
    <Path>class_entitas_1_1_entity.html</Path>
    <Anchor>ae7bf22d8069c034a06268910c683a625</Anchor>
    <Abstract>Removes all components. </Abstract>
    <DeclaredIn>Entity.cs</DeclaredIn>
  </Token>
  <Token>
    <TokenIdentifier>
      <Name>GetComponentPool</Name>
      <APILanguage>csharp</APILanguage>
      <Type>instm</Type>
      <Scope>Entitas.Entity</Scope>
    </TokenIdentifier>
    <Path>class_entitas_1_1_entity.html</Path>
    <Anchor>a6fe0a1767dd738efda0dfb787ad9aaa7</Anchor>
    <DeclaredIn>Entity.cs</DeclaredIn>
  </Token>
  <Token>
    <TokenIdentifier>
      <Name>CreateComponent</Name>
      <APILanguage>csharp</APILanguage>
      <Type>instm</Type>
      <Scope>Entitas.Entity</Scope>
    </TokenIdentifier>
    <Path>class_entitas_1_1_entity.html</Path>
    <Anchor>a244cbd513f258aa8778198e8270dde06</Anchor>
    <Abstract>Returns a new or reusable component from the componentPool for the specified component index...</Abstract>
    <DeclaredIn>Entity.cs</DeclaredIn>
  </Token>
  <Token>
    <TokenIdentifier>
      <Name>CreateComponent&lt; T &gt;</Name>
      <APILanguage>csharp</APILanguage>
      <Type>instm</Type>
      <Scope>Entitas.Entity</Scope>
    </TokenIdentifier>
    <Path>class_entitas_1_1_entity.html</Path>
    <Anchor>aa39f7df6971b2436c7775c71c6ab24bd</Anchor>
    <Abstract>Returns a new or reusable component from the componentPool for the specified component index...</Abstract>
    <DeclaredIn>Entity.cs</DeclaredIn>
  </Token>
  <Token>
    <TokenIdentifier>
      <Name>Retain</Name>
      <APILanguage>csharp</APILanguage>
      <Type>instm</Type>
      <Scope>Entitas.Entity</Scope>
    </TokenIdentifier>
    <Path>class_entitas_1_1_entity.html</Path>
    <Anchor>a8ebd8e5293c287b69b6051f3ea52cc91</Anchor>
    <DeclaredIn>Entity.cs</DeclaredIn>
  </Token>
  <Token>
    <TokenIdentifier>
      <Name>Release</Name>
      <APILanguage>csharp</APILanguage>
      <Type>instm</Type>
      <Scope>Entitas.Entity</Scope>
    </TokenIdentifier>
    <Path>class_entitas_1_1_entity.html</Path>
    <Anchor>ad38c42d47e73ad68c4e93db53665aa61</Anchor>
    <DeclaredIn>Entity.cs</DeclaredIn>
  </Token>
  <Token>
    <TokenIdentifier>
      <Name>ToString</Name>
      <APILanguage>csharp</APILanguage>
      <Type>instm</Type>
      <Scope>Entitas.Entity</Scope>
    </TokenIdentifier>
    <Path>class_entitas_1_1_entity.html</Path>
    <Anchor>a062ae860c3528091f8c0fd5b88667694</Anchor>
    <DeclaredIn>Entity.cs</DeclaredIn>
  </Token>
  <Token>
    <TokenIdentifier>
      <Name>owners</Name>
      <APILanguage>csharp</APILanguage>
      <Type>data</Type>
      <Scope>Entitas.Entity</Scope>
    </TokenIdentifier>
    <Path>class_entitas_1_1_entity.html</Path>
    <Anchor>ad0aefa732e6c3cb99be6530b26024b63</Anchor>
    <Abstract>Returns all the objects that retain this entity. </Abstract>
  </Token>
  <Token>
    <TokenIdentifier>
      <Name>totalComponents</Name>
      <APILanguage>csharp</APILanguage>
      <Type>instp</Type>
      <Scope>Entitas.Entity</Scope>
    </TokenIdentifier>
    <Path>class_entitas_1_1_entity.html</Path>
    <Anchor>ad3deee62c9a0392eea6b93e5356f9107</Anchor>
    <Abstract>The total amount of components an entity can possibly have. </Abstract>
  </Token>
  <Token>
    <TokenIdentifier>
      <Name>creationIndex</Name>
      <APILanguage>csharp</APILanguage>
      <Type>instp</Type>
      <Scope>Entitas.Entity</Scope>
    </TokenIdentifier>
    <Path>class_entitas_1_1_entity.html</Path>
    <Anchor>a35644f781a2567877dade3e39932e405</Anchor>
    <Abstract>Each entity has its own unique creationIndex which will be set by the pool when you create the entity...</Abstract>
  </Token>
  <Token>
    <TokenIdentifier>
      <Name>isEnabled</Name>
      <APILanguage>csharp</APILanguage>
      <Type>instp</Type>
      <Scope>Entitas.Entity</Scope>
    </TokenIdentifier>
    <Path>class_entitas_1_1_entity.html</Path>
    <Anchor>a93e43dc3a3668ca457db9d3609405ff9</Anchor>
    <Abstract>The pool manages the state of an entity. Active entities are enabled, destroyed entities are not...</Abstract>
  </Token>
  <Token>
    <TokenIdentifier>
      <Name>componentPools</Name>
      <APILanguage>csharp</APILanguage>
      <Type>instp</Type>
      <Scope>Entitas.Entity</Scope>
    </TokenIdentifier>
    <Path>class_entitas_1_1_entity.html</Path>
    <Anchor>ab8bb69649e83e05c595d006d205f11b2</Anchor>
  </Token>
  <Token>
    <TokenIdentifier>
      <Name>poolMetaData</Name>
      <APILanguage>csharp</APILanguage>
      <Type>instp</Type>
      <Scope>Entitas.Entity</Scope>
    </TokenIdentifier>
    <Path>class_entitas_1_1_entity.html</Path>
    <Anchor>a242ca061f78a188f84b730d2ccd4ab32</Anchor>
  </Token>
  <Token>
    <TokenIdentifier>
      <Name>retainCount</Name>
      <APILanguage>csharp</APILanguage>
      <Type>instp</Type>
      <Scope>Entitas.Entity</Scope>
    </TokenIdentifier>
    <Path>class_entitas_1_1_entity.html</Path>
    <Anchor>a55d42d47d2678137c14a693f2039cd6c</Anchor>
    <Abstract>Returns the number of objects that retain this entity. </Abstract>
  </Token>
  <Token>
    <TokenIdentifier>
      <Name>OnComponentAdded</Name>
      <APILanguage>csharp</APILanguage>
      <Type>event</Type>
      <Scope>Entitas.Entity</Scope>
    </TokenIdentifier>
    <Path>class_entitas_1_1_entity.html</Path>
    <Anchor>ae19db05e0f3d0c58839653bcd92d7bcb</Anchor>
    <Abstract>Occurs when a component gets added. All event handlers will be removed when the entity gets destroyed...</Abstract>
  </Token>
  <Token>
    <TokenIdentifier>
      <Name>OnComponentRemoved</Name>
      <APILanguage>csharp</APILanguage>
      <Type>event</Type>
      <Scope>Entitas.Entity</Scope>
    </TokenIdentifier>
    <Path>class_entitas_1_1_entity.html</Path>
    <Anchor>aea8769222eecc35c7af460f20c54bce5</Anchor>
    <Abstract>Occurs when a component gets removed. All event handlers will be removed when the entity gets destroy...</Abstract>
  </Token>
  <Token>
    <TokenIdentifier>
      <Name>OnComponentReplaced</Name>
      <APILanguage>csharp</APILanguage>
      <Type>event</Type>
      <Scope>Entitas.Entity</Scope>
    </TokenIdentifier>
    <Path>class_entitas_1_1_entity.html</Path>
    <Anchor>a92b008c85886dd43b94d8cc4f0299507</Anchor>
    <Abstract>Occurs when a component gets replaced. All event handlers will be removed when the entity gets destro...</Abstract>
  </Token>
  <Token>
    <TokenIdentifier>
      <Name>OnEntityReleased</Name>
      <APILanguage>csharp</APILanguage>
      <Type>event</Type>
      <Scope>Entitas.Entity</Scope>
    </TokenIdentifier>
    <Path>class_entitas_1_1_entity.html</Path>
    <Anchor>acf35ed67ac2785651eb54b1eaddfcc73</Anchor>
    <Abstract>Occurs when an entity gets released and is not retained anymore. All event handlers will be removed w...</Abstract>
  </Token>
  <Token>
    <TokenIdentifier>
      <Name>Entitas::EntityAlreadyHasComponentException</Name>
      <APILanguage>csharp</APILanguage>
      <Type>cl</Type>
      <Scope>Entitas.EntityAlreadyHasComponentException</Scope>
    </TokenIdentifier>
    <Path>class_entitas_1_1_entity_already_has_component_exception.html</Path>
  </Token>
  <Token>
    <TokenIdentifier>
      <Name>Entitas::EntityCollector</Name>
      <APILanguage>csharp</APILanguage>
      <Type>cl</Type>
      <Scope>Entitas.EntityCollector</Scope>
    </TokenIdentifier>
    <Path>class_entitas_1_1_entity_collector.html</Path>
    <Abstract>An EntityCollector can observe one or more groups and collects changed entities based on the specifie...</Abstract>
  </Token>
  <Token>
    <TokenIdentifier>
      <Name>EntityCollector</Name>
      <APILanguage>csharp</APILanguage>
      <Type>instm</Type>
      <Scope>Entitas.EntityCollector</Scope>
    </TokenIdentifier>
    <Path>class_entitas_1_1_entity_collector.html</Path>
    <Anchor>a19d4854dbd92eba0d2666f523d925a0e</Anchor>
    <Abstract>Creates an EntityCollector and will collect changed entities based on the specified eventType...</Abstract>
    <DeclaredIn>EntityCollector.cs</DeclaredIn>
  </Token>
  <Token>
    <TokenIdentifier>
      <Name>EntityCollector</Name>
      <APILanguage>csharp</APILanguage>
      <Type>instm</Type>
      <Scope>Entitas.EntityCollector</Scope>
    </TokenIdentifier>
    <Path>class_entitas_1_1_entity_collector.html</Path>
    <Anchor>a48da5e4782f35cd22e273b811cf20949</Anchor>
    <Abstract>Creates an EntityCollector and will collect changed entities based on the specified eventTypes...</Abstract>
    <DeclaredIn>EntityCollector.cs</DeclaredIn>
  </Token>
  <Token>
    <TokenIdentifier>
      <Name>Activate</Name>
      <APILanguage>csharp</APILanguage>
      <Type>instm</Type>
      <Scope>Entitas.EntityCollector</Scope>
    </TokenIdentifier>
    <Path>class_entitas_1_1_entity_collector.html</Path>
    <Anchor>a7de5a68589ed0ff5dcac294ac3b0ef6d</Anchor>
    <Abstract>Activates the EntityCollector (EntityCollectors are activated by default) and will start collecting c...</Abstract>
    <DeclaredIn>EntityCollector.cs</DeclaredIn>
  </Token>
  <Token>
    <TokenIdentifier>
      <Name>Deactivate</Name>
      <APILanguage>csharp</APILanguage>
      <Type>instm</Type>
      <Scope>Entitas.EntityCollector</Scope>
    </TokenIdentifier>
    <Path>class_entitas_1_1_entity_collector.html</Path>
    <Anchor>a09747b65cc7e7b7bd1a4a763f21e6a78</Anchor>
    <DeclaredIn>EntityCollector.cs</DeclaredIn>
  </Token>
  <Token>
    <TokenIdentifier>
      <Name>ClearCollectedEntities</Name>
      <APILanguage>csharp</APILanguage>
      <Type>instm</Type>
      <Scope>Entitas.EntityCollector</Scope>
    </TokenIdentifier>
    <Path>class_entitas_1_1_entity_collector.html</Path>
    <Anchor>abe32cce1eaef7ecf211ce34357f13b01</Anchor>
    <Abstract>Clears all collected entities. </Abstract>
    <DeclaredIn>EntityCollector.cs</DeclaredIn>
  </Token>
  <Token>
    <TokenIdentifier>
      <Name>collectedEntities</Name>
      <APILanguage>csharp</APILanguage>
      <Type>instp</Type>
      <Scope>Entitas.EntityCollector</Scope>
    </TokenIdentifier>
    <Path>class_entitas_1_1_entity_collector.html</Path>
    <Anchor>a09e2bb8f9394e083f893d73ffb04fe72</Anchor>
    <Abstract>Returns all collected entities. Call collector.ClearCollectedEntities() once you processed all entiti...</Abstract>
  </Token>
  <Token>
    <TokenIdentifier>
      <Name>Entitas::EntityCollectorException</Name>
      <APILanguage>csharp</APILanguage>
      <Type>cl</Type>
      <Scope>Entitas.EntityCollectorException</Scope>
    </TokenIdentifier>
    <Path>class_entitas_1_1_entity_collector_exception.html</Path>
  </Token>
  <Token>
    <TokenIdentifier>
      <Name>Entitas::EntityDoesNotHaveComponentException</Name>
      <APILanguage>csharp</APILanguage>
      <Type>cl</Type>
      <Scope>Entitas.EntityDoesNotHaveComponentException</Scope>
    </TokenIdentifier>
    <Path>class_entitas_1_1_entity_does_not_have_component_exception.html</Path>
  </Token>
  <Token>
    <TokenIdentifier>
      <Name>Entitas::EntityEqualityComparer</Name>
      <APILanguage>csharp</APILanguage>
      <Type>cl</Type>
      <Scope>Entitas.EntityEqualityComparer</Scope>
    </TokenIdentifier>
    <Path>class_entitas_1_1_entity_equality_comparer.html</Path>
  </Token>
  <Token>
    <TokenIdentifier>
      <Name>Entitas::EntityIndex</Name>
      <APILanguage>csharp</APILanguage>
      <Type>tmplt</Type>
      <Scope>Entitas.EntityIndex</Scope>
    </TokenIdentifier>
    <Path>class_entitas_1_1_entity_index.html</Path>
  </Token>
  <Token>
    <TokenIdentifier>
      <Name>Entitas::EntityIndexException</Name>
      <APILanguage>csharp</APILanguage>
      <Type>cl</Type>
      <Scope>Entitas.EntityIndexException</Scope>
    </TokenIdentifier>
    <Path>class_entitas_1_1_entity_index_exception.html</Path>
  </Token>
  <Token>
    <TokenIdentifier>
      <Name>Entitas::EntityIsAlreadyRetainedByOwnerException</Name>
      <APILanguage>csharp</APILanguage>
      <Type>cl</Type>
      <Scope>Entitas.EntityIsAlreadyRetainedByOwnerException</Scope>
    </TokenIdentifier>
    <Path>class_entitas_1_1_entity_is_already_retained_by_owner_exception.html</Path>
  </Token>
  <Token>
    <TokenIdentifier>
      <Name>Entitas::EntityIsNotDestroyedException</Name>
      <APILanguage>csharp</APILanguage>
      <Type>cl</Type>
      <Scope>Entitas.EntityIsNotDestroyedException</Scope>
    </TokenIdentifier>
    <Path>class_entitas_1_1_entity_is_not_destroyed_exception.html</Path>
  </Token>
  <Token>
    <TokenIdentifier>
      <Name>Entitas::EntityIsNotEnabledException</Name>
      <APILanguage>csharp</APILanguage>
      <Type>cl</Type>
      <Scope>Entitas.EntityIsNotEnabledException</Scope>
    </TokenIdentifier>
    <Path>class_entitas_1_1_entity_is_not_enabled_exception.html</Path>
  </Token>
  <Token>
    <TokenIdentifier>
      <Name>Entitas::EntityIsNotRetainedByOwnerException</Name>
      <APILanguage>csharp</APILanguage>
      <Type>cl</Type>
      <Scope>Entitas.EntityIsNotRetainedByOwnerException</Scope>
    </TokenIdentifier>
    <Path>class_entitas_1_1_entity_is_not_retained_by_owner_exception.html</Path>
  </Token>
  <Token>
    <TokenIdentifier>
      <Name>Entitas::Group</Name>
      <APILanguage>csharp</APILanguage>
      <Type>cl</Type>
      <Scope>Entitas.Group</Scope>
    </TokenIdentifier>
    <Path>class_entitas_1_1_group.html</Path>
  </Token>
  <Token>
    <TokenIdentifier>
      <Name>Group</Name>
      <APILanguage>csharp</APILanguage>
      <Type>instm</Type>
      <Scope>Entitas.Group</Scope>
    </TokenIdentifier>
    <Path>class_entitas_1_1_group.html</Path>
    <Anchor>a281e23e9e99cd2ee19e3913f0b70156e</Anchor>
    <Abstract>Use pool.GetGroup(matcher) to get a group of entities which match the specified matcher. </Abstract>
    <DeclaredIn>Group.cs</DeclaredIn>
  </Token>
  <Token>
    <TokenIdentifier>
      <Name>HandleEntitySilently</Name>
      <APILanguage>csharp</APILanguage>
      <Type>instm</Type>
      <Scope>Entitas.Group</Scope>
    </TokenIdentifier>
    <Path>class_entitas_1_1_group.html</Path>
    <Anchor>a9c5a38fa1862c272039577f389966c6f</Anchor>
    <Abstract>This is used by the pool to manage the group. </Abstract>
    <DeclaredIn>Group.cs</DeclaredIn>
  </Token>
  <Token>
    <TokenIdentifier>
      <Name>HandleEntity</Name>
      <APILanguage>csharp</APILanguage>
      <Type>instm</Type>
      <Scope>Entitas.Group</Scope>
    </TokenIdentifier>
    <Path>class_entitas_1_1_group.html</Path>
    <Anchor>a9e00d30bfdf3a2c42d3bb1898fb2b4be</Anchor>
    <Abstract>This is used by the pool to manage the group. </Abstract>
    <DeclaredIn>Group.cs</DeclaredIn>
  </Token>
  <Token>
    <TokenIdentifier>
      <Name>UpdateEntity</Name>
      <APILanguage>csharp</APILanguage>
      <Type>instm</Type>
      <Scope>Entitas.Group</Scope>
    </TokenIdentifier>
    <Path>class_entitas_1_1_group.html</Path>
    <Anchor>a32a677c3dcbb49779d66cf154c6db714</Anchor>
    <Abstract>This is used by the pool to manage the group. </Abstract>
    <DeclaredIn>Group.cs</DeclaredIn>
  </Token>
  <Token>
    <TokenIdentifier>
      <Name>RemoveAllEventHandlers</Name>
      <APILanguage>csharp</APILanguage>
      <Type>instm</Type>
      <Scope>Entitas.Group</Scope>
    </TokenIdentifier>
    <Path>class_entitas_1_1_group.html</Path>
    <Anchor>a8c4ae152da02c48b9a149fc66a9776b6</Anchor>
    <DeclaredIn>Group.cs</DeclaredIn>
  </Token>
  <Token>
    <TokenIdentifier>
      <Name>ContainsEntity</Name>
      <APILanguage>csharp</APILanguage>
      <Type>instm</Type>
      <Scope>Entitas.Group</Scope>
    </TokenIdentifier>
    <Path>class_entitas_1_1_group.html</Path>
    <Anchor>a3c0168f857700324afc9e7ece8133ad5</Anchor>
    <Abstract>Determines whether this group has the specified entity. </Abstract>
    <DeclaredIn>Group.cs</DeclaredIn>
  </Token>
  <Token>
    <TokenIdentifier>
      <Name>GetEntities</Name>
      <APILanguage>csharp</APILanguage>
      <Type>instm</Type>
      <Scope>Entitas.Group</Scope>
    </TokenIdentifier>
    <Path>class_entitas_1_1_group.html</Path>
    <Anchor>a5df13ffbcf1c1c04da246e7ce8fd8539</Anchor>
    <Abstract>Returns all entities which are currently in this group. </Abstract>
    <DeclaredIn>Group.cs</DeclaredIn>
  </Token>
  <Token>
    <TokenIdentifier>
      <Name>GetSingleEntity</Name>
      <APILanguage>csharp</APILanguage>
      <Type>instm</Type>
      <Scope>Entitas.Group</Scope>
    </TokenIdentifier>
    <Path>class_entitas_1_1_group.html</Path>
    <Anchor>afd8fa504cf0ec39097931d90acd23592</Anchor>
    <DeclaredIn>Group.cs</DeclaredIn>
  </Token>
  <Token>
    <TokenIdentifier>
      <Name>count</Name>
      <APILanguage>csharp</APILanguage>
      <Type>instp</Type>
      <Scope>Entitas.Group</Scope>
    </TokenIdentifier>
    <Path>class_entitas_1_1_group.html</Path>
    <Anchor>a9dc8741969217ff3faaaffd72b1aedee</Anchor>
    <Abstract>Returns the number of entities in the group. </Abstract>
  </Token>
  <Token>
    <TokenIdentifier>
      <Name>matcher</Name>
      <APILanguage>csharp</APILanguage>
      <Type>instp</Type>
      <Scope>Entitas.Group</Scope>
    </TokenIdentifier>
    <Path>class_entitas_1_1_group.html</Path>
    <Anchor>a17e57de15fefc676ba6f2b78f0d69c43</Anchor>
    <Abstract>Returns the matcher which was used to create this group. </Abstract>
  </Token>
  <Token>
    <TokenIdentifier>
      <Name>OnEntityAdded</Name>
      <APILanguage>csharp</APILanguage>
      <Type>event</Type>
      <Scope>Entitas.Group</Scope>
    </TokenIdentifier>
    <Path>class_entitas_1_1_group.html</Path>
    <Anchor>aa65cc45bca16c1550b99253888bc6fe6</Anchor>
    <Abstract>Occurs when an entity gets added. </Abstract>
  </Token>
  <Token>
    <TokenIdentifier>
      <Name>OnEntityRemoved</Name>
      <APILanguage>csharp</APILanguage>
      <Type>event</Type>
      <Scope>Entitas.Group</Scope>
    </TokenIdentifier>
    <Path>class_entitas_1_1_group.html</Path>
    <Anchor>a207ecd4477a743c60c7fa15633fda5a5</Anchor>
    <Abstract>Occurs when an entity gets removed. </Abstract>
  </Token>
  <Token>
    <TokenIdentifier>
      <Name>OnEntityUpdated</Name>
      <APILanguage>csharp</APILanguage>
      <Type>event</Type>
      <Scope>Entitas.Group</Scope>
    </TokenIdentifier>
    <Path>class_entitas_1_1_group.html</Path>
    <Anchor>a5f32d578bb0af4f57a4d3b20a5f9ab4e</Anchor>
    <Abstract>Occurs when a component of an entity in the group gets replaced. </Abstract>
  </Token>
  <Token>
    <TokenIdentifier>
      <Name>Entitas::GroupSingleEntityException</Name>
      <APILanguage>csharp</APILanguage>
      <Type>cl</Type>
      <Scope>Entitas.GroupSingleEntityException</Scope>
    </TokenIdentifier>
    <Path>class_entitas_1_1_group_single_entity_exception.html</Path>
  </Token>
  <Token>
    <TokenIdentifier>
      <Name>Entitas::IEntityIndex</Name>
      <APILanguage>csharp</APILanguage>
      <Type>cl</Type>
      <Scope>Entitas.IEntityIndex</Scope>
    </TokenIdentifier>
    <Path>interface_entitas_1_1_i_entity_index.html</Path>
  </Token>
  <Token>
    <TokenIdentifier>
      <Name>Entitas::Pool</Name>
      <APILanguage>csharp</APILanguage>
      <Type>cl</Type>
      <Scope>Entitas.Pool</Scope>
    </TokenIdentifier>
    <Path>class_entitas_1_1_pool.html</Path>
  </Token>
  <Token>
    <TokenIdentifier>
      <Name>Pool</Name>
      <APILanguage>csharp</APILanguage>
      <Type>instm</Type>
      <Scope>Entitas.Pool</Scope>
    </TokenIdentifier>
    <Path>class_entitas_1_1_pool.html</Path>
    <Anchor>a7d2073fc0f12c1d2310eb68f2ab31541</Anchor>
    <DeclaredIn>Pool.cs</DeclaredIn>
  </Token>
  <Token>
    <TokenIdentifier>
      <Name>Pool</Name>
      <APILanguage>csharp</APILanguage>
      <Type>instm</Type>
      <Scope>Entitas.Pool</Scope>
    </TokenIdentifier>
    <Path>class_entitas_1_1_pool.html</Path>
    <Anchor>a39392bb5c9ab551a7a2e6f47cabd0ed4</Anchor>
    <DeclaredIn>Pool.cs</DeclaredIn>
  </Token>
  <Token>
    <TokenIdentifier>
      <Name>CreateEntity</Name>
      <APILanguage>csharp</APILanguage>
      <Type>instm</Type>
      <Scope>Entitas.Pool</Scope>
    </TokenIdentifier>
    <Path>class_entitas_1_1_pool.html</Path>
    <Anchor>a866b8259c298c3db54e0a930c8ad3032</Anchor>
    <Abstract>Creates a new entity or gets a reusable entity from the internal ObjectPool for entities. </Abstract>
    <DeclaredIn>Pool.cs</DeclaredIn>
  </Token>
  <Token>
    <TokenIdentifier>
      <Name>DestroyEntity</Name>
      <APILanguage>csharp</APILanguage>
      <Type>instm</Type>
      <Scope>Entitas.Pool</Scope>
    </TokenIdentifier>
    <Path>class_entitas_1_1_pool.html</Path>
    <Anchor>a35e89292907b6d7b6497b95edc9b8132</Anchor>
    <Abstract>Destroys the entity, removes all its components and pushs it back to the internal ObjectPool for enti...</Abstract>
    <DeclaredIn>Pool.cs</DeclaredIn>
  </Token>
  <Token>
    <TokenIdentifier>
      <Name>DestroyAllEntities</Name>
      <APILanguage>csharp</APILanguage>
      <Type>instm</Type>
      <Scope>Entitas.Pool</Scope>
    </TokenIdentifier>
    <Path>class_entitas_1_1_pool.html</Path>
    <Anchor>af1127e2750b27144d0a9ad903637ccd4</Anchor>
    <DeclaredIn>Pool.cs</DeclaredIn>
  </Token>
  <Token>
    <TokenIdentifier>
      <Name>HasEntity</Name>
      <APILanguage>csharp</APILanguage>
      <Type>instm</Type>
      <Scope>Entitas.Pool</Scope>
    </TokenIdentifier>
    <Path>class_entitas_1_1_pool.html</Path>
    <Anchor>a13de177bfdbd7bf1e5286df0353ab318</Anchor>
    <Abstract>Determines whether the pool has the specified entity. </Abstract>
    <DeclaredIn>Pool.cs</DeclaredIn>
  </Token>
  <Token>
    <TokenIdentifier>
      <Name>GetEntities</Name>
      <APILanguage>csharp</APILanguage>
      <Type>instm</Type>
      <Scope>Entitas.Pool</Scope>
    </TokenIdentifier>
    <Path>class_entitas_1_1_pool.html</Path>
    <Anchor>ac43f1c82863b725139b1eb562f9eed17</Anchor>
    <Abstract>Returns all entities which are currently in the pool. </Abstract>
    <DeclaredIn>Pool.cs</DeclaredIn>
  </Token>
  <Token>
    <TokenIdentifier>
      <Name>GetGroup</Name>
      <APILanguage>csharp</APILanguage>
      <Type>instm</Type>
      <Scope>Entitas.Pool</Scope>
    </TokenIdentifier>
    <Path>class_entitas_1_1_pool.html</Path>
    <Anchor>a5643a2c13e6d2c709c4d0e053e4ea873</Anchor>
    <DeclaredIn>Pool.cs</DeclaredIn>
  </Token>
  <Token>
    <TokenIdentifier>
      <Name>ClearGroups</Name>
      <APILanguage>csharp</APILanguage>
      <Type>instm</Type>
      <Scope>Entitas.Pool</Scope>
    </TokenIdentifier>
    <Path>class_entitas_1_1_pool.html</Path>
    <Anchor>a72bbe2b13c42ae15e8a592d11f568fa6</Anchor>
    <Abstract>Clears all groups. This is useful when you want to soft-restart your application. ...</Abstract>
    <DeclaredIn>Pool.cs</DeclaredIn>
  </Token>
  <Token>
    <TokenIdentifier>
      <Name>AddEntityIndex</Name>
      <APILanguage>csharp</APILanguage>
      <Type>instm</Type>
      <Scope>Entitas.Pool</Scope>
    </TokenIdentifier>
    <Path>class_entitas_1_1_pool.html</Path>
    <Anchor>abe585f2c69a3e500703ab2ab4ab65cc3</Anchor>
    <Abstract>Adds the IEntityIndex for the specified name. There can only be one IEntityIndex per name...</Abstract>
    <DeclaredIn>Pool.cs</DeclaredIn>
  </Token>
  <Token>
    <TokenIdentifier>
      <Name>GetEntityIndex</Name>
      <APILanguage>csharp</APILanguage>
      <Type>instm</Type>
      <Scope>Entitas.Pool</Scope>
    </TokenIdentifier>
    <Path>class_entitas_1_1_pool.html</Path>
    <Anchor>a9f75f1d70b1f031be3e8c7318e30396c</Anchor>
    <Abstract>Gets the IEntityIndex for the specified name. </Abstract>
    <DeclaredIn>Pool.cs</DeclaredIn>
  </Token>
  <Token>
    <TokenIdentifier>
      <Name>DeactivateAndRemoveEntityIndices</Name>
      <APILanguage>csharp</APILanguage>
      <Type>instm</Type>
      <Scope>Entitas.Pool</Scope>
    </TokenIdentifier>
    <Path>class_entitas_1_1_pool.html</Path>
    <Anchor>a9e26d0a1f6068dd34164e4dcdbab4227</Anchor>
    <Abstract>Deactivates and removes all entity indices. </Abstract>
    <DeclaredIn>Pool.cs</DeclaredIn>
  </Token>
  <Token>
    <TokenIdentifier>
      <Name>ResetCreationIndex</Name>
      <APILanguage>csharp</APILanguage>
      <Type>instm</Type>
      <Scope>Entitas.Pool</Scope>
    </TokenIdentifier>
    <Path>class_entitas_1_1_pool.html</Path>
    <Anchor>ac5d01722a709837e237376078ff9c4bc</Anchor>
    <Abstract>Resets the creationIndex back to 0. </Abstract>
    <DeclaredIn>Pool.cs</DeclaredIn>
  </Token>
  <Token>
    <TokenIdentifier>
      <Name>ClearComponentPool</Name>
      <APILanguage>csharp</APILanguage>
      <Type>instm</Type>
      <Scope>Entitas.Pool</Scope>
    </TokenIdentifier>
    <Path>class_entitas_1_1_pool.html</Path>
    <Anchor>a21ed4421bef2cc469c24f8bf3e28310c</Anchor>
    <Abstract>Clears the componentPool at the specified index. </Abstract>
    <DeclaredIn>Pool.cs</DeclaredIn>
  </Token>
  <Token>
    <TokenIdentifier>
      <Name>ClearComponentPools</Name>
      <APILanguage>csharp</APILanguage>
      <Type>instm</Type>
      <Scope>Entitas.Pool</Scope>
    </TokenIdentifier>
    <Path>class_entitas_1_1_pool.html</Path>
    <Anchor>aabca980268ff16e657b662d7dea914cf</Anchor>
    <Abstract>Clears all componentPools. </Abstract>
    <DeclaredIn>Pool.cs</DeclaredIn>
  </Token>
  <Token>
    <TokenIdentifier>
      <Name>Reset</Name>
      <APILanguage>csharp</APILanguage>
      <Type>instm</Type>
      <Scope>Entitas.Pool</Scope>
    </TokenIdentifier>
    <Path>class_entitas_1_1_pool.html</Path>
    <Anchor>a8c40707a94886e7b33ec95972a85b847</Anchor>
    <Abstract>Resets the pool (clears all groups, destroys all entities and resets creationIndex back to 0)...</Abstract>
    <DeclaredIn>Pool.cs</DeclaredIn>
  </Token>
  <Token>
    <TokenIdentifier>
      <Name>totalComponents</Name>
      <APILanguage>csharp</APILanguage>
      <Type>instp</Type>
      <Scope>Entitas.Pool</Scope>
    </TokenIdentifier>
    <Path>class_entitas_1_1_pool.html</Path>
    <Anchor>ab8df8d4d1c9ce5a0e6875bdc3ff32e93</Anchor>
  </Token>
  <Token>
    <TokenIdentifier>
      <Name>componentPools</Name>
      <APILanguage>csharp</APILanguage>
      <Type>instp</Type>
      <Scope>Entitas.Pool</Scope>
    </TokenIdentifier>
    <Path>class_entitas_1_1_pool.html</Path>
    <Anchor>a1ff6445bd7f736d07525f8d5e518057f</Anchor>
  </Token>
  <Token>
    <TokenIdentifier>
      <Name>metaData</Name>
      <APILanguage>csharp</APILanguage>
      <Type>instp</Type>
      <Scope>Entitas.Pool</Scope>
    </TokenIdentifier>
    <Path>class_entitas_1_1_pool.html</Path>
    <Anchor>ad6d9399a123dd1f355474e032f9bacb5</Anchor>
  </Token>
  <Token>
    <TokenIdentifier>
      <Name>count</Name>
      <APILanguage>csharp</APILanguage>
      <Type>instp</Type>
      <Scope>Entitas.Pool</Scope>
    </TokenIdentifier>
    <Path>class_entitas_1_1_pool.html</Path>
    <Anchor>ab7c9404180f3d43dbc86856f34265057</Anchor>
    <Abstract>Returns the number of entities in the pool. </Abstract>
  </Token>
  <Token>
    <TokenIdentifier>
      <Name>reusableEntitiesCount</Name>
      <APILanguage>csharp</APILanguage>
      <Type>instp</Type>
      <Scope>Entitas.Pool</Scope>
    </TokenIdentifier>
    <Path>class_entitas_1_1_pool.html</Path>
    <Anchor>ac4145dd77a7ffa8b806db17f03612f01</Anchor>
    <Abstract>Returns the number of entities in the internal ObjectPool for entities which can be reused...</Abstract>
  </Token>
  <Token>
    <TokenIdentifier>
      <Name>retainedEntitiesCount</Name>
      <APILanguage>csharp</APILanguage>
      <Type>instp</Type>
      <Scope>Entitas.Pool</Scope>
    </TokenIdentifier>
    <Path>class_entitas_1_1_pool.html</Path>
    <Anchor>a9c86e03239cc5a4e9a98c1884acb0623</Anchor>
    <Abstract>Returns the number of entities that are currently retained by other objects (e.g. Group...</Abstract>
  </Token>
  <Token>
    <TokenIdentifier>
      <Name>OnEntityCreated</Name>
      <APILanguage>csharp</APILanguage>
      <Type>event</Type>
      <Scope>Entitas.Pool</Scope>
    </TokenIdentifier>
    <Path>class_entitas_1_1_pool.html</Path>
    <Anchor>a31e3e54dbb93582b751e19f9e7a8cced</Anchor>
    <Abstract>Occurs when an entity gets created. </Abstract>
  </Token>
  <Token>
    <TokenIdentifier>
      <Name>OnEntityWillBeDestroyed</Name>
      <APILanguage>csharp</APILanguage>
      <Type>event</Type>
      <Scope>Entitas.Pool</Scope>
    </TokenIdentifier>
    <Path>class_entitas_1_1_pool.html</Path>
    <Anchor>aeafa55f09adf00749518309333e3a1d0</Anchor>
    <Abstract>Occurs when an entity will be destroyed. </Abstract>
  </Token>
  <Token>
    <TokenIdentifier>
      <Name>OnEntityDestroyed</Name>
      <APILanguage>csharp</APILanguage>
      <Type>event</Type>
      <Scope>Entitas.Pool</Scope>
    </TokenIdentifier>
    <Path>class_entitas_1_1_pool.html</Path>
    <Anchor>aea32789396947ec0c5cae0e5b08156e6</Anchor>
    <Abstract>Occurs when an entity got destroyed. </Abstract>
  </Token>
  <Token>
    <TokenIdentifier>
      <Name>OnGroupCreated</Name>
      <APILanguage>csharp</APILanguage>
      <Type>event</Type>
      <Scope>Entitas.Pool</Scope>
    </TokenIdentifier>
    <Path>class_entitas_1_1_pool.html</Path>
    <Anchor>ae5371465a52c1b1eda81ad22003627b1</Anchor>
    <Abstract>Occurs when a group gets created for the first time. </Abstract>
  </Token>
  <Token>
    <TokenIdentifier>
      <Name>OnGroupCleared</Name>
      <APILanguage>csharp</APILanguage>
      <Type>event</Type>
      <Scope>Entitas.Pool</Scope>
    </TokenIdentifier>
    <Path>class_entitas_1_1_pool.html</Path>
    <Anchor>ad3f296b486fc22fec07bf10719f9112f</Anchor>
    <Abstract>Occurs when a group gets cleared. </Abstract>
  </Token>
  <Token>
    <TokenIdentifier>
      <Name>Entitas::PoolDoesNotContainEntityException</Name>
      <APILanguage>csharp</APILanguage>
      <Type>cl</Type>
      <Scope>Entitas.PoolDoesNotContainEntityException</Scope>
    </TokenIdentifier>
    <Path>class_entitas_1_1_pool_does_not_contain_entity_exception.html</Path>
  </Token>
  <Token>
    <TokenIdentifier>
      <Name>Entitas::PoolEntityIndexDoesAlreadyExistException</Name>
      <APILanguage>csharp</APILanguage>
      <Type>cl</Type>
      <Scope>Entitas.PoolEntityIndexDoesAlreadyExistException</Scope>
    </TokenIdentifier>
    <Path>class_entitas_1_1_pool_entity_index_does_already_exist_exception.html</Path>
  </Token>
  <Token>
    <TokenIdentifier>
      <Name>Entitas::PoolEntityIndexDoesNotExistException</Name>
      <APILanguage>csharp</APILanguage>
      <Type>cl</Type>
      <Scope>Entitas.PoolEntityIndexDoesNotExistException</Scope>
    </TokenIdentifier>
    <Path>class_entitas_1_1_pool_entity_index_does_not_exist_exception.html</Path>
  </Token>
  <Token>
    <TokenIdentifier>
      <Name>Entitas::PoolMetaData</Name>
      <APILanguage>csharp</APILanguage>
      <Type>cl</Type>
      <Scope>Entitas.PoolMetaData</Scope>
    </TokenIdentifier>
    <Path>class_entitas_1_1_pool_meta_data.html</Path>
  </Token>
  <Token>
    <TokenIdentifier>
      <Name>Entitas::PoolMetaDataException</Name>
      <APILanguage>csharp</APILanguage>
      <Type>cl</Type>
      <Scope>Entitas.PoolMetaDataException</Scope>
    </TokenIdentifier>
    <Path>class_entitas_1_1_pool_meta_data_exception.html</Path>
  </Token>
  <Token>
    <TokenIdentifier>
      <Name>Entitas::Pools</Name>
      <APILanguage>csharp</APILanguage>
      <Type>cl</Type>
      <Scope>Entitas.Pools</Scope>
    </TokenIdentifier>
    <Path>class_entitas_1_1_pools.html</Path>
  </Token>
  <Token>
    <TokenIdentifier>
      <Name>Entitas::PoolStillHasRetainedEntitiesException</Name>
      <APILanguage>csharp</APILanguage>
      <Type>cl</Type>
      <Scope>Entitas.PoolStillHasRetainedEntitiesException</Scope>
    </TokenIdentifier>
    <Path>class_entitas_1_1_pool_still_has_retained_entities_exception.html</Path>
  </Token>
  <Token>
    <TokenIdentifier>
      <Name>Entitas::PrimaryEntityIndex</Name>
      <APILanguage>csharp</APILanguage>
      <Type>tmplt</Type>
      <Scope>Entitas.PrimaryEntityIndex</Scope>
    </TokenIdentifier>
    <Path>class_entitas_1_1_primary_entity_index.html</Path>
  </Token>
  <Token>
    <TokenIdentifier>
      <Name>Entitas::ReactiveSystem</Name>
      <APILanguage>csharp</APILanguage>
      <Type>cl</Type>
      <Scope>Entitas.ReactiveSystem</Scope>
    </TokenIdentifier>
    <Path>class_entitas_1_1_reactive_system.html</Path>
  </Token>
  <Token>
    <TokenIdentifier>
      <Name>ReactiveSystem</Name>
      <APILanguage>csharp</APILanguage>
      <Type>instm</Type>
      <Scope>Entitas.ReactiveSystem</Scope>
    </TokenIdentifier>
    <Path>class_entitas_1_1_reactive_system.html</Path>
    <Anchor>abca6d134f0faa562796d8a5ec622cd90</Anchor>
    <Abstract>Recommended way to create systems in general: pool.CreateSystem(new MySystem());. ...</Abstract>
    <DeclaredIn>ReactiveSystem.cs</DeclaredIn>
  </Token>
  <Token>
    <TokenIdentifier>
      <Name>ReactiveSystem</Name>
      <APILanguage>csharp</APILanguage>
      <Type>instm</Type>
      <Scope>Entitas.ReactiveSystem</Scope>
    </TokenIdentifier>
    <Path>class_entitas_1_1_reactive_system.html</Path>
    <Anchor>ac4a59b64f503485bc2bfae6ef1686f3e</Anchor>
    <Abstract>Recommended way to create systems in general: pool.CreateSystem(new MySystem());. ...</Abstract>
    <DeclaredIn>ReactiveSystem.cs</DeclaredIn>
  </Token>
  <Token>
    <TokenIdentifier>
      <Name>ReactiveSystem</Name>
      <APILanguage>csharp</APILanguage>
      <Type>instm</Type>
      <Scope>Entitas.ReactiveSystem</Scope>
    </TokenIdentifier>
    <Path>class_entitas_1_1_reactive_system.html</Path>
    <Anchor>ab051389ff42cc51b426cc945b932d5ca</Anchor>
    <Abstract>Recommended way to create systems in general: pool.CreateSystem(new MySystem());. ...</Abstract>
    <DeclaredIn>ReactiveSystem.cs</DeclaredIn>
  </Token>
  <Token>
    <TokenIdentifier>
      <Name>Activate</Name>
      <APILanguage>csharp</APILanguage>
      <Type>instm</Type>
      <Scope>Entitas.ReactiveSystem</Scope>
    </TokenIdentifier>
    <Path>class_entitas_1_1_reactive_system.html</Path>
    <Anchor>ae0df56c479342d52cff5c2f47c457462</Anchor>
    <DeclaredIn>ReactiveSystem.cs</DeclaredIn>
  </Token>
  <Token>
    <TokenIdentifier>
      <Name>Deactivate</Name>
      <APILanguage>csharp</APILanguage>
      <Type>instm</Type>
      <Scope>Entitas.ReactiveSystem</Scope>
    </TokenIdentifier>
    <Path>class_entitas_1_1_reactive_system.html</Path>
    <Anchor>a84b1f875f0504ab8611f348c5d762e29</Anchor>
    <DeclaredIn>ReactiveSystem.cs</DeclaredIn>
  </Token>
  <Token>
    <TokenIdentifier>
      <Name>Clear</Name>
      <APILanguage>csharp</APILanguage>
      <Type>instm</Type>
      <Scope>Entitas.ReactiveSystem</Scope>
    </TokenIdentifier>
    <Path>class_entitas_1_1_reactive_system.html</Path>
    <Anchor>ac345d58c9d6bc839a32b496e73e0aa53</Anchor>
    <Abstract>Clears all accumulated changes. </Abstract>
    <DeclaredIn>ReactiveSystem.cs</DeclaredIn>
  </Token>
  <Token>
    <TokenIdentifier>
      <Name>Execute</Name>
      <APILanguage>csharp</APILanguage>
      <Type>instm</Type>
      <Scope>Entitas.ReactiveSystem</Scope>
    </TokenIdentifier>
    <Path>class_entitas_1_1_reactive_system.html</Path>
    <Anchor>a3807a0b58b0ed7089abac87ee422882b</Anchor>
    <Abstract>Will call subsystem.Execute() with changed entities if there are any. Otherwise it will not call subs...</Abstract>
    <DeclaredIn>ReactiveSystem.cs</DeclaredIn>
  </Token>
  <Token>
    <TokenIdentifier>
      <Name>subsystem</Name>
      <APILanguage>csharp</APILanguage>
      <Type>instp</Type>
      <Scope>Entitas.ReactiveSystem</Scope>
    </TokenIdentifier>
    <Path>class_entitas_1_1_reactive_system.html</Path>
    <Anchor>a3cf1892f8b5ee16c89c0c27c7fc5118e</Anchor>
    <Abstract>Returns the subsystem which will be managed by this instance of ReactiveSystem. </Abstract>
  </Token>
  <Token>
    <TokenIdentifier>
      <Name>Entitas::Systems</Name>
      <APILanguage>csharp</APILanguage>
      <Type>cl</Type>
      <Scope>Entitas.Systems</Scope>
    </TokenIdentifier>
    <Path>class_entitas_1_1_systems.html</Path>
  </Token>
  <Token>
    <TokenIdentifier>
      <Name>Systems</Name>
      <APILanguage>csharp</APILanguage>
      <Type>instm</Type>
      <Scope>Entitas.Systems</Scope>
    </TokenIdentifier>
    <Path>class_entitas_1_1_systems.html</Path>
    <Anchor>acb0154f3edb36939f2e81945c4fb0de5</Anchor>
    <Abstract>Creates a new Systems instance. </Abstract>
    <DeclaredIn>Systems.cs</DeclaredIn>
  </Token>
  <Token>
    <TokenIdentifier>
      <Name>Add</Name>
      <APILanguage>csharp</APILanguage>
      <Type>instm</Type>
      <Scope>Entitas.Systems</Scope>
    </TokenIdentifier>
    <Path>class_entitas_1_1_systems.html</Path>
    <Anchor>ac6c2a6fcc131ee87786fb613c0e82d16</Anchor>
    <Abstract>Adds the system instance to the systems list. </Abstract>
    <DeclaredIn>Systems.cs</DeclaredIn>
  </Token>
  <Token>
    <TokenIdentifier>
      <Name>Initialize</Name>
      <APILanguage>csharp</APILanguage>
      <Type>instm</Type>
      <Scope>Entitas.Systems</Scope>
    </TokenIdentifier>
    <Path>class_entitas_1_1_systems.html</Path>
    <Anchor>a33b35b3cdbdb16c347086a4ce4a23495</Anchor>
    <Abstract>Calls Initialize() on all IInitializeSystem, ReactiveSystem and other nested Systems instances in the...</Abstract>
    <DeclaredIn>Systems.cs</DeclaredIn>
  </Token>
  <Token>
    <TokenIdentifier>
      <Name>Execute</Name>
      <APILanguage>csharp</APILanguage>
      <Type>instm</Type>
      <Scope>Entitas.Systems</Scope>
    </TokenIdentifier>
    <Path>class_entitas_1_1_systems.html</Path>
    <Anchor>a5b3a145d250e1a5b8cfa90f9b3c0b716</Anchor>
    <Abstract>Calls Execute() on all IExecuteSystem, ReactiveSystem and other nested Systems instances in the order...</Abstract>
    <DeclaredIn>Systems.cs</DeclaredIn>
  </Token>
  <Token>
    <TokenIdentifier>
      <Name>Cleanup</Name>
      <APILanguage>csharp</APILanguage>
      <Type>instm</Type>
      <Scope>Entitas.Systems</Scope>
    </TokenIdentifier>
    <Path>class_entitas_1_1_systems.html</Path>
    <Anchor>ae9cb3253bb32206b420b4a041ebdcff2</Anchor>
    <Abstract>Calls Cleanup() on all ICleanupSystem, ReactiveSystem and other nested Systems instances in the order...</Abstract>
    <DeclaredIn>Systems.cs</DeclaredIn>
  </Token>
  <Token>
    <TokenIdentifier>
      <Name>TearDown</Name>
      <APILanguage>csharp</APILanguage>
      <Type>instm</Type>
      <Scope>Entitas.Systems</Scope>
    </TokenIdentifier>
    <Path>class_entitas_1_1_systems.html</Path>
    <Anchor>a7610d89dd9172d6dd881bd73f7cb0b48</Anchor>
    <Abstract>Calls TearDown() on all ITearDownSystem, ReactiveSystem and other nested Systems instances in the ord...</Abstract>
    <DeclaredIn>Systems.cs</DeclaredIn>
  </Token>
  <Token>
    <TokenIdentifier>
      <Name>ActivateReactiveSystems</Name>
      <APILanguage>csharp</APILanguage>
      <Type>instm</Type>
      <Scope>Entitas.Systems</Scope>
    </TokenIdentifier>
    <Path>class_entitas_1_1_systems.html</Path>
    <Anchor>a47de4f75c6dc07bf138999e7aae5a0c0</Anchor>
    <Abstract>Activates all ReactiveSystems in the systems list. </Abstract>
    <DeclaredIn>Systems.cs</DeclaredIn>
  </Token>
  <Token>
    <TokenIdentifier>
      <Name>DeactivateReactiveSystems</Name>
      <APILanguage>csharp</APILanguage>
      <Type>instm</Type>
      <Scope>Entitas.Systems</Scope>
    </TokenIdentifier>
    <Path>class_entitas_1_1_systems.html</Path>
    <Anchor>aa99602f321bc4feb11e11e586493f805</Anchor>
    <DeclaredIn>Systems.cs</DeclaredIn>
  </Token>
  <Token>
    <TokenIdentifier>
      <Name>ClearReactiveSystems</Name>
      <APILanguage>csharp</APILanguage>
      <Type>instm</Type>
      <Scope>Entitas.Systems</Scope>
    </TokenIdentifier>
    <Path>class_entitas_1_1_systems.html</Path>
    <Anchor>ab23415d689d78a0208fdf854eeeedf68</Anchor>
    <Abstract>Clears all ReactiveSystems in the systems list. </Abstract>
    <DeclaredIn>Systems.cs</DeclaredIn>
  </Token>
</Tokens>
